1,google.com
2,youtube.com
3,facebook.com
4,baidu.com
5,wikipedia.org
6,yahoo.com
7,google.co.in
8,twitter.com
9,amazon.com
10,qq.com
11,live.com
12,google.co.jp
13,taobao.com
14,vk.com
15,linkedin.com
16,instagram.com
17,weibo.com
18,hao123.com
19,sina.com.cn
20,360.cn
21,sohu.com
22,google.de
23,yahoo.co.jp
24,yandex.ru
25,reddit.com
26,google.com.br
27,tmall.com
28,google.co.uk
29,google.fr
30,onclickads.net
31,t.co
32,ebay.com
33,wordpress.com
34,soso.com
35,bing.com
36,tumblr.com
37,stackoverflow.com
38,blogspot.com
39,google.it
40,google.ru
41,msn.com
42,apple.com
43,google.es
44,microsoft.com
45,blogger.com
46,pinterest.com
47,aliexpress.com
48,netflix.com
49,google.com.mx
50,mail.ru
51,paypal.com
52,imgur.com
53,github.com
54,imdb.com
55,ok.ru
56,amazon.co.jp
57,gmw.cn
58,popads.net
59,google.ca
60,google.com.hk
61,naver.com
62,whatsapp.com
63,pornhub.com
64,google.co.kr
65,amazon.in
66,office.com
67,cnzz.com
68,youku.com
69,fc2.com
70,google.co.id
71,dropbox.com
72,isanalyze.com
73,google.com.tr
74,xvideos.com
75,youth.cn
76,microsoftonline.com
77,360.com
78,haosou.com
79,googleusercontent.com
80,google.pl
81,xhamster.com
82,google.com.tw
83,google.com.au
84,bongacams.com
85,tianya.cn
86,xinhuanet.com
87,adobe.com
88,twitch.tv
89,quora.com
90,amazon.de
91,cnn.com
92,craigslist.org
93,flipkart.com
94,wikia.com
95,pixnet.net
96,adf.ly
97,google.com.ar
98,alibaba.com
99,coccoc.com
100,google.com.eg
101,godaddy.com
102,rakuten.co.jp
103,bbc.com
104,amazon.co.uk
105,china.com.cn
106,espn.com
107,google.com.sa
108,google.co.th
109,amazonaws.com
110,google.com.pk
111,ask.com
112,salesforce.com
113,bbc.co.uk
114,tudou.com
115,dailymotion.com
116,vimeo.com
117,booking.com
118,soundcloud.com
119,txxx.com
120,so.com
121,nytimes.com
122,ebay.de
123,terraclicks.com
124,indiatimes.com
125,outbrain.com
126,globo.com
127,alipay.com
128,uol.com.br
129,google.nl
130,ebay.co.uk
131,diply.com
132,w3schools.com
133,stackexchange.com
134,dailymail.co.uk
135,bet365.com
136,thepiratebay.org
137,ettoday.net
138,zhihu.com
139,daum.net
140,people.com.cn
141,wordpress.org
142,doubleclick.net
143,google.co.ve
144,indeed.com
145,google.co.za
146,savefrom.net
147,blastingnews.com
148,force.com
149,disqus.com
150,deviantart.com
151,chase.com
152,huanqiu.com
153,slideshare.net
154,9gag.com
155,uptodown.com
156,trello.com
157,skype.com
158,bilibili.com
159,cntv.cn
160,theguardian.com
161,buzzfeed.com
162,mama.cn
163,babytree.com
164,cnet.com
165,huffingtonpost.com
166,tribunnews.com
167,google.com.co
168,google.com.ph
169,addthis.com
170,avito.ru
171,bp.blogspot.com
172,slack.com
173,github.io
174,51.la
175,mediafire.com
176,vice.com
177,google.com.vn
178,china.com
179,popcash.net
180,steampowered.com
181,extratorrent.cc
182,etsy.com
183,ameblo.jp
184,mozilla.org
185,livedoor.jp
186,livejasmin.com
187,google.gr
188,zol.com.cn
189,chaturbate.com
190,fbcdn.net
191,blogspot.in
192,google.com.sg
193,sogou.com
194,naver.jp
195,spotify.com
196,adexchangeprediction.com
197,bankofamerica.com
198,google.com.ng
199,onlinesbi.com
200,snapdeal.com
201,weather.com
202,thewhizmarketing.com
203,hclips.com
204,cloudfront.net
205,nicovideo.jp
206,goo.ne.jp
207,shutterstock.com
208,wikihow.com
209,google.be
210,google.com.ua
211,forbes.com
212,google.ro
213,twimg.com
214,mercadolivre.com.br
215,washingtonpost.com
216,xnxx.com
217,xywy.com
218,putlocker.is
219,openload.co
220,livejournal.com
221,detik.com
222,cctv.com
223,google.se
224,walmart.com
225,wellsfargo.com
226,bitauto.com
227,redtube.com
228,amazon.it
229,tistory.com
230,nih.gov
231,amazon.fr
232,giphy.com
233,163.com
234,wordreference.com
235,yelp.com
236,flickr.com
237,feedly.com
238,archive.org
239,wikimedia.org
240,caijing.com.cn
241,google.com.pe
242,upornia.com
243,wetransfer.com
244,gfycat.com
245,google.at
246,foxnews.com
247,ytimg.com
248,mailchimp.com
249,csdn.net
250,weebly.com
251,google.dz
252,ikea.com
253,files.wordpress.com
254,taboola.com
255,kinogo.club
256,51yes.com
257,aol.com
258,tripadvisor.com
259,varzesh3.com
260,iwanttodeliver.com
261,youporn.com
262,reimageplus.com
263,themeforest.net
264,instructure.com
265,1905.com
266,douban.com
267,allegro.pl
268,ozock.com
269,myway.com
270,google.ch
271,dmm.co.jp
272,doublepimp.com
273,pinimg.com
274,zillow.com
275,39.net
276,zendesk.com
277,adexc.net
278,freepik.com
279,sourceforge.net
280,cnnic.cn
281,globaloffers.link
282,rutracker.org
283,businessinsider.com
284,google.pt
285,zippyshare.com
286,webtretho.com
287,theladbible.com
288,paytm.com
289,ndtv.com
290,google.cz
291,thesaurus.com
292,zoho.com
293,speedtest.net
294,softonic.com
295,hdfcbank.com
296,upwork.com
297,enet.com.cn
298,scribd.com
299,tuberel.com
300,nametests.com
301,google.ae
302,nfl.com
303,google.com.bd
304,sh.st
305,rambler.ru
306,rt.com
307,kakaku.com
308,leboncoin.fr
309,chinadaily.com.cn
310,detail.tmall.com
311,medium.com
312,fiverr.com
313,gsmarena.com
314,mega.nz
315,spotscenered.info
316,daikynguyenvn.com
317,douyu.com
318,directrev.com
319,ebay-kleinanzeigen.de
320,google.cn
321,media.tumblr.com
322,amazon.es
323,exoclick.com
324,youm7.com
325,onclickpredictiv.com
326,hatena.ne.jp
327,google.cl
328,kinopoisk.ru
329,rarbg.to
330,oracle.com
331,hatenablog.com
332,secureserver.net
333,wix.com
334,gearbest.com
335,icicibank.com
336,jd.com
337,tradeadexchange.com
338,battle.net
339,youtube-mp3.org
340,googleapis.com
341,goodreads.com
342,messenger.com
343,nyaa.se
344,icloud.com
345,adnetworkperformance.com
346,asos.com
347,evernote.com
348,espncricinfo.com
349,tokopedia.com
350,iqiyi.com
351,google.no
352,repubblica.it
353,behance.net
354,ltn.com.tw
355,go.com
356,clickadu.com
357,telegraph.co.uk
358,samsung.com
359,yesky.com
360,onedio.com
361,pandora.com
362,google.az
363,google.hu
364,kompas.com
365,onet.pl
366,hp.com
367,steamcommunity.com
368,bloomberg.com
369,blkget.com
370,shopify.com
371,hootsuite.com
372,google.ie
373,gmx.net
374,2ch.net
375,roblox.com
376,google.co.il
377,canva.com
378,americanexpress.com
379,blogspot.jp
380,atlassian.net
381,kaskus.co.id
382,1688.com
383,bukalapak.com
384,amazon.cn
385,eksisozluk.com
386,web.de
387,yts.ag
388,123movies.to
389,17ok.com
390,quizlet.com
391,bestbuy.com
392,xfinity.com
393,irctc.co.in
394,4dsply.com
395,elpais.com
396,kissanime.to
397,dictionary.com
398,liputan6.com
399,usatoday.com
400,seasonvar.ru
401,avg.com
402,accuweather.com
403,blackboard.com
404,wittyfeed.com
405,sberbank.ru
406,pixabay.com
407,wsj.com
408,telegram.org
409,about.com
410,infusionsoft.com
411,rednet.cn
412,weblio.jp
413,udemy.com
414,airbnb.com
415,mediawhirl.net
416,reddituploads.com
417,blog.jp
418,google.dk
419,usps.com
420,capitalone.com
421,subscene.com
422,cnblogs.com
423,ruten.com.tw
424,digikala.com
425,ebay.in
426,wp.com
427,homedepot.com
428,google.fi
429,ups.com
430,sabah.com.tr
431,kapanlagi.com
432,wixsite.com
433,box.com
434,techcrunch.com
435,spiegel.de
436,asana.com
437,goo.gl
438,dell.com
439,ebay.it
440,tutorialspoint.com
441,taleo.net
442,sq.cn
443,hubspot.com
444,target.com
445,uploaded.net
446,conservativetribune.com
447,qiita.com
448,kickstarter.com
449,sciencedirect.com
450,list-manage.com
451,ouo.io
452,reuters.com
453,thewhizproducts.com
454,marca.com
455,spankbang.com
456,lifebuzz.com
457,mlb.com
458,ign.com
459,beeg.com
460,bitly.com
461,wp.pl
462,taringa.net
463,fedex.com
464,php.net
465,abs-cbn.com
466,clipconverter.cc
467,thefreedictionary.com
468,orange.fr
469,comcast.net
470,webmd.com
471,google.sk
472,zone-telechargement.com
473,kooora.com
474,51sole.com
475,intuit.com
476,groupon.com
477,tube8.com
478,watsons.tmall.com
479,jrj.com.cn
480,indianexpress.com
481,akamaihd.net
482,stumbleupon.com
483,neobux.com
484,mercadolibre.com.ar
485,researchgate.net
486,free.fr
487,att.com
488,baike.com
489,billdesk.com
490,azlyrics.com
491,4chan.org
492,bhaskar.com
493,hurriyet.com.tr
494,youdao.com
495,teepr.com
496,4shared.com
497,chaoshi.tmall.com
498,goal.com
499,ebay.com.au
500,amazon.ca
501,wowhead.com
502,theverge.com
503,imzog.com
504,engadget.com
505,gizmodo.com
506,eastday.com
507,rediff.com
508,mashable.com
509,nownews.com
510,leagueoflegends.com
511,bitbucket.org
512,naukri.com
513,tabelog.com
514,hilltopads.net
515,citi.com
516,ask.fm
517,adidas.tmall.com
518,kdnet.net
519,hotstar.com
520,ifeng.com
521,dcinside.com
522,gamepedia.com
523,sahibinden.com
524,mi.com
525,meetup.com
526,elmundo.es
527,livedoor.com
528,chinaso.com
529,hulu.com
530,verizonwireless.com
531,fastpokemap.se
532,chatwork.com
533,zomato.com
534,vk.me
535,buzzhand.com
536,independent.co.uk
537,corriere.it
538,haber7.com
539,xda-developers.com
540,gamefaqs.com
541,addtoany.com
542,ab4hr.com
543,mit.edu
544,gyazo.com
545,voc.com.cn
546,rapidgator.net
547,seznam.cz
548,t-online.de
549,gamer.com.tw
550,xe.com
551,aparat.com
552,blogfa.com
553,urdupoint.com
554,bild.de
555,pikabu.ru
556,coursera.org
557,gismeteo.ru
558,google.com.kw
559,poptm.com
560,playstation.com
561,reverso.net
562,lemonde.fr
563,shopclues.com
564,livescore.com
565,line.me
566,milliyet.com.tr
567,namu.wiki
568,umblr.com
569,intoday.in
570,surveymonkey.com
571,abril.com.br
572,howtogeek.com
573,mercadolibre.com.mx
574,airtel.in
575,prezi.com
576,ero-advertising.com
577,merdeka.com
578,ci123.com
579,pantip.com
580,blogspot.mx
581,aliyun.com
582,sakura.ne.jp
583,wiktionary.org
584,cbssports.com
585,suning.com
586,adplxmd.com
587,asus.com
588,urbandictionary.com
589,seesaa.net
590,alicdn.com
591,google.lk
592,office365.com
593,hm.com
594,reference.com
595,yandex.ua
596,lifehacker.com
597,macys.com
598,ck101.com
599,jabong.com
600,torrentkim3.net
601,olx.com.br
602,cnmo.com
603,lenta.ru
604,wunderground.com
605,youboy.com
606,prnt.sc
607,getpocket.com
608,drudgereport.com
609,glassdoor.com
610,doorblog.jp
611,clixsense.com
612,superuser.com
613,instructables.com
614,chinaz.com
615,filehippo.com
616,nike.com
617,torrentz2.eu
618,google.bg
619,adbooth.com
620,expedia.com
621,nikkeibp.co.jp
622,e-hentai.org
623,k618.cn
624,huaban.com
625,stockstar.com
626,dmm.com
627,google.co.nz
628,wiley.com
629,cpasbien.cm
630,mirror.co.uk
631,bookmyshow.com
632,duckduckgo.com
633,rottentomatoes.com
634,jimdo.com
635,noaa.gov
636,mobile.de
637,eventbrite.com
638,squarespace.com
639,chip.de
640,issuu.com
641,codepen.io
642,japanpost.jp
643,my-hit.org
644,photobucket.com
645,nbcnews.com
646,impress.co.jp
647,cqnews.net
648,cricbuzz.com
649,epwk.com
650,ibm.com
651,olx.pl
652,android.com
653,digitalocean.com
654,souq.com
655,myanimelist.net
656,itmedia.co.jp
657,politico.com
658,lenovo.com
659,eyny.com
660,kijiji.ca
661,zing.vn
662,time.com
663,basecamp.com
664,fivethirtyeight.com
665,npr.org
666,okezone.com
667,commentcamarche.net
668,gstatic.com
669,mercadolibre.com.ve
670,freelancer.com
671,drom.ru
672,streamcloud.eu
673,4pda.ru
674,springer.com
675,makeuseof.com
676,hotels.com
677,timeanddate.com
678,nordstrom.com
679,investing.com
680,academia.edu
681,curapelanatureza.com.br
682,shaparak.ir
683,newegg.com
684,livedoor.biz
685,as.com
686,justdial.com
687,yie4zooseif.info
688,hdzog.com
689,badoo.com
690,dingit.tv
691,inquirer.net
692,olx.in
693,askubuntu.com
694,pocofh.com
695,lefigaro.fr
696,xing.com
697,ebay.fr
698,redirectvoluum.com
699,siteadvisor.com
700,libero.it
701,acfun.tv
702,bola.net
703,sitepoint.com
704,subito.it
705,imagebam.com
706,microsoftstore.com
707,genius.com
708,lazada.co.id
709,google.com.do
710,uber.com
711,pixiv.net
712,nikkei.com
713,latimes.com
714,shink.in
715,albawabhnews.com
716,webex.com
717,youjizz.com
718,watchseries.ac
719,vporn.com
720,ria.ru
721,state.gov
722,moneycontrol.com
723,viralthread.com
724,answers.com
725,banggood.com
726,drtuber.com
727,ouedkniss.com
728,dafont.com
729,the-watch-series.to
730,hespress.com
731,google.kz
732,google.rs
733,ssl-images-amazon.com
734,www.gov.uk
735,rutube.ru
736,okcupid.com
737,patch.com
738,rbc.ru
739,123rf.com
740,appledaily.com.tw
741,westernjournalism.com
742,likes.com
743,gazeta.pl
744,getbootstrap.com
745,nypost.com
746,cambridge.org
747,ca.gov
748,slickdeals.net
749,spzan.com
750,makemytrip.com
751,cisco.com
752,thesportbible.com
753,ultimate-guitar.com
754,gotporn.com
755,blog.me
756,myntra.com
757,breitbart.com
758,zedo.com
759,lanacion.com.ar
760,linkshrink.net
761,paytm.in
762,smartnewtab.com
763,discogs.com
764,cnbc.com
765,emol.com
766,ameba.jp
767,bodybuilding.com
768,grammarly.com
769,vnexpress.net
770,india.com
771,infobae.com
772,biobiochile.cl
773,leadzupc.com
774,lapatilla.com
775,khanacademy.org
776,ccm.net
777,bidverdrs.com
778,codecanyon.net
779,r7mediar.com
780,momoshop.com.tw
781,merriam-webster.com
782,clarin.com
783,thekitchn.com
784,pof.com
785,google.com.my
786,europa.eu
787,nhk.or.jp
788,investopedia.com
789,le.com
790,drive2.ru
791,chron.com
792,donga.com
793,google.com.ec
794,porn.com
795,nudevista.com
796,slimspots.com
797,wish.com
798,jia.com
799,dribbble.com
800,criteo.com
801,trulia.com
802,1337x.to
803,bhphotovideo.com
804,cdiscount.com
805,realtor.com
806,quikr.com
807,thehindu.com
808,rdsa2014.com
809,qingdaonews.com
810,ruliweb.com
811,custhelp.com
812,norton.com
813,gigazine.net
814,cbsnews.com
815,sabq.org
816,jeuxvideo.com
817,olx.ua
818,cookpad.com
819,flirt4free.com
820,ablogica.com
821,turbobit.net
822,bluehost.com
823,inven.co.kr
824,imagetwist.com
825,gazzetta.it
826,ted.com
827,discordapp.com
828,elevenia.co.id
829,topix.com
830,allrecipes.com
831,prothom-alo.com
832,informer.com
833,namesakeoscilloscopemarquis.com
834,stanford.edu
835,techradar.com
836,blogimg.jp
837,lowes.com
838,popmyads.com
839,mynavi.jp
840,istockphoto.com
841,bleacherreport.com
842,allocine.fr
843,thatviralfeed.net
844,gazetaexpress.com
845,apache.org
846,chekb.com
847,googlevideo.com
848,realclearpolitics.com
849,theodysseyonline.com
850,buzzfil.net
851,vodlocker.com
852,7112629.com
853,abcnews.go.com
854,zytpirwai.net
855,friv.com
856,fbsbx.com
857,ensonhaber.com
858,codeonclick.com
859,deviantart.net
860,bandcamp.com
861,workercn.cn
862,trkpointcloud.com
863,intel.com
864,folha.uol.com.br
865,kayak.com
866,absoluteclickscom.com
867,fanfiction.net
868,liveleak.com
869,52pk.com
870,gamespot.com
871,zhanqi.tv
872,pcmag.com
873,adp.com
874,constantcontact.com
875,sputniknews.com
876,yandex.com.tr
877,discuss.com.hk
878,shareasale.com
879,tmz.com
880,altervista.org
881,oschina.net
882,niuche.com
883,so-net.ne.jp
884,58.com
885,entrepreneur.com
886,fidelity.com
887,gmanetwork.com
888,manoramaonline.com
889,aweber.com
890,zara.com
891,gmarket.co.kr
892,ptt.cc
893,google.co.ao
894,harvard.edu
895,safefinder.com
896,southwest.com
897,junbi-tracker.com
898,motherless.com
899,nanoadexchange.com
900,ancestry.com
901,asahi.com
902,fmovies.to
903,blogspot.de
904,flaticon.com
905,xtube.com
906,java.com
907,duolingo.com
908,kohls.com
909,mangafox.me
910,digitaltrends.com
911,google.hr
912,tempo.co
913,nydailynews.com
914,aiomp3.com
915,chouftv.ma
916,idnes.cz
917,jquery.com
918,wired.com
919,hostgator.com
920,dict.cc
921,reallifecam.com
922,himado.in
923,wattpad.com
924,dl-protect.com
925,oneindia.com
926,verizon.com
927,twoo.com
928,jsfiddle.net
929,scribol.com
930,backpage.com
931,adme.ru
932,agoda.com
933,t-mobile.com
934,people.com
935,onlinevideoconverter.com
936,360doc.com
937,nairaland.com
938,unity3d.com
939,ticketmaster.com
940,costco.com
941,lequipe.fr
942,ps4ux.com
943,narod.ru
944,convert2mp3.net
945,nexusmods.com
946,thevideo.me
947,caixin.com
948,houzz.com
949,xunlei.com
950,google.by
951,fishki.net
952,jiameng.com
953,thisav.com
954,yalla-shoot.com
955,gutefrage.net
956,moz.com
957,liveinternet.ru
958,nifty.com
959,okta.com
960,premierleague.com
961,livechatinc.com
962,envato.com
963,g2a.com
964,fontawesome.io
965,utorrent.com
966,udn.com
967,indiamart.com
968,list.tmall.com
969,1fichier.com
970,ecollege.com
971,cam4.com
972,4399.com
973,gap.com
974,google.tn
975,pixlr.com
976,keepvid.com
977,takungpao.com
978,caixa.gov.br
979,onesignal.com
980,marketwatch.com
981,yodobashi.com
982,myfreecams.com
983,voyeurhit.com
984,sapo.pt
985,mobile01.com
986,ampclicks.com
987,bintang.com
988,tnaflix.com
989,americanas.com.br
990,semrush.com
991,op.gg
992,ebay.es
993,xbox.com
994,uptobox.com
995,slate.com
996,overstock.com
997,gotowebinar.com
998,javedch.com
999,wargaming.net
1000,interia.pl
1001,yaplakal.com
1002,givemesport.com
1003,tomshardware.com
1004,focus.de
1005,biblegateway.com
1006,retailmenot.com
1007,ea.com
1008,eonline.com
1009,gogoanime.io
1010,sex.com
1011,deezer.com
1012,mediab.uy
1013,milanuncios.com
1014,mgid.com
1015,delta.com
1016,hh.ru
1017,bankmellat.ir
1018,toutiao.com
1019,fanpage.gr
1020,hupu.com
1021,camdolls.com
1022,axisbank.co.in
1023,ilbe.com
1024,divar.ir
1025,gongchang.com
1026,lynda.com
1027,python.org
1028,pearsoncmg.com
1029,zopim.com
1030,discovercard.com
1031,24video.xxx
1032,getmyads.com
1033,vidzi.tv
1034,dream.co.id
1035,truecaller.com
1036,hotmovs.com
1037,cbc.ca
1038,battlefield.com
1039,imagefap.com
1040,theatlantic.com
1041,nasa.gov
1042,socialblade.com
1043,elfagr.org
1044,nature.com
1045,hepsiburada.com
1046,klikbca.com
1047,brazzers.com
1048,patreon.com
1049,trackingclick.net
1050,dhgate.com
1051,dreamstime.com
1052,gemius.pl
1053,angel.co
1054,11st.co.kr
1055,livestrong.com
1056,ibtimes.co.uk
1057,thwglobal.com
1058,css-tricks.com
1059,biglobe.ne.jp
1060,1tv.ru
1061,echo.msk.ru
1062,nocookie.net
1063,discover.com
1064,yandex.com
1065,clicksor.net
1066,usbank.com
1067,united.com
1068,ilfattoquotidiano.it
1069,wayfair.com
1070,netteller.com
1071,eroterest.net
1072,abplive.in
1073,google.com.ly
1074,crunchyroll.com
1075,edx.org
1076,ccavenue.com
1077,tradedoubler.com
1078,excite.co.jp
1079,adk2x.com
1080,monster.com
1081,todayhumor.co.kr
1082,yandex.kz
1083,kissasian.com
1084,trendingpatrol.com
1085,thedailybeast.com
1086,sfr.fr
1087,alc.co.jp
1088,userscloud.com
1089,nitroflare.com
1090,firstpost.com
1091,qoolquiz.com
1092,game4playz.com
1093,scoopwhoop.com
1094,xoclkrvstrafms.com
1095,rightmove.co.uk
1096,liveadexchanger.com
1097,gamewith.jp
1098,littlethings.com
1099,eskimi.com
1100,picmonkey.com
1101,dcard.tw
1102,mediaset.it
1103,yenisafak.com
1104,pastebin.com
1105,windows.com
1106,bab.la
1107,telegram.me
1108,huawei.com
1109,ieee.org
1110,pchome.com.tw
1111,google.iq
1112,cloudflare.com
1113,nextmedia.com
1114,tagged.com
1115,farsnews.com
1116,habrahabr.ru
1117,usaa.com
1118,eenadu.net
1119,google.lt
1120,mystart.com
1121,pole-emploi.fr
1122,humblebundle.com
1123,zappos.com
1124,lun.com
1125,myfitnesspal.com
1126,jma.go.jp
1127,hdrezka.me
1128,templatemonster.com
1129,setn.com
1130,togetter.com
1131,t411.ch
1132,gotomeeting.com
1133,skysports.com
1134,gumtree.com
1135,jw.org
1136,w3.org
1137,layarkaca21.tv
1138,wykop.pl
1139,geocities.jp
1140,vetogate.com
1141,ctitv.com.tw
1142,worldstarhiphop.com
1143,doodle.com
1144,aa.com
1145,admaimai.com
1146,citibank.co.in
1147,olx.co.id
1148,berkeley.edu
1149,126.com
1150,jb51.net
1151,redfin.com
1152,autodesk.com
1153,techtudo.com.br
1154,ryanair.com
1155,brassring.com
1156,schoology.com
1157,clien.net
1158,brightside.me
1159,miui.com
1160,freelotto.com
1161,redd.it
1162,piriform.com
1163,match.com
1164,serving-sys.com
1165,mysearch.com
1166,boredpanda.com
1167,thesun.co.uk
1168,lolesports.com
1169,ovh.com
1170,kinozal.tv
1171,chosun.com
1172,torrentproject.se
1173,welt.de
1174,animeflv.net
1175,elmogaz.com
1176,primewire.ag
1177,uzone.id
1178,dawn.com
1179,kisscartoon.me
1180,yjc.ir
1181,hindustantimes.com
1182,audible.com
1183,y8.com
1184,nuvid.com
1185,teamviewer.com
1186,gtarcade.com
1187,indiegogo.com
1188,xl415.com
1189,tripadvisor.co.uk
1190,royalbank.com
1191,cbs.com
1192,digg.com
1193,gamersky.com
1194,kp.ru
1195,abc.es
1196,exblog.jp
1197,immobilienscout24.de
1198,dailypakistan.com.pk
1199,editor.wix.com
1200,tutsplus.com
1201,anitube.se
1202,getresponse.com
1203,digitaldigsads.com
1204,filmweb.pl
1205,express.co.uk
1206,td.com
1207,payoneer.com
1208,pexels.com
1209,freecharge.in
1210,mackeeper.com
1211,familydoctor.com.cn
1212,almasryalyoum.com
1213,popsugar.com
1214,elsevier.com
1215,ubuntu.com
1216,freshdesk.com
1217,jqw.com
1218,n11.com
1219,google.com.gt
1220,internethaber.com
1221,streamin.to
1222,sankei.com
1223,psu.edu
1224,watchmygirlfriend.tv
1225,icy-veins.com
1226,life.ru
1227,serverfault.com
1228,iwank.tv
1229,hateblo.jp
1230,labanquepostale.fr
1231,jianshu.com
1232,zozo.jp
1233,online-convert.com
1234,sfgate.com
1235,tebyan.net
1236,wowkeren.com
1237,eluniversal.com.mx
1238,ebay.ca
1239,andhrajyothy.com
1240,jagran.com
1241,1and1.com
1242,weather.gov
1243,androidcentral.com
1244,zerohedge.com
1245,vesti.ru
1246,creditkarma.com
1247,heise.de
1248,swagbucks.com
1249,pornolab.net
1250,google.si
1251,wdcxuezpxivqgmecukeirnsyhjpjoqdqfdtchquwyqatlwxtgq.com
1252,pttsite.com
1253,detonate.com
1254,lazada.com.ph
1255,inc.com
1256,clickfunnels.com
1257,marriott.com
1258,500px.com
1259,yellowpages.com
1260,nnmclub.to
1261,mbank.pl
1262,correios.com.br
1263,internetdownloadmanager.com
1264,usnews.com
1265,gofundme.com
1266,ero-video.net
1267,alwafd.org
1268,kotaku.com
1269,to8to.com
1270,irs.gov
1271,otto.de
1272,priceline.com
1273,babycenter.com
1274,6pm.com
1275,codecademy.com
1276,novinky.cz
1277,elconfidencial.com
1278,fastpic.ru
1279,jumia.com.ng
1280,auction.co.kr
1281,hotnewhiphop.com
1282,movie4k.to
1283,foodnetwork.com
1284,pchome.net
1285,poringa.net
1286,cbslocal.com
1287,pbs.org
1288,nba.com
1289,aljazeera.net
1290,qualtrics.com
1291,freefarcy.com
1292,codeproject.com
1293,vid.me
1294,thenextweb.com
1295,bollywoodbubble.com
1296,npmjs.com
1297,scoop.it
1298,lacaixa.es
1299,watchfree.to
1300,mheducation.com
1301,warmportrait.com
1302,bigfile.to
1303,mysql.com
1304,ppomppu.co.kr
1305,gumtree.com.au
1306,elwatannews.com
1307,gameforge.com
1308,elcomercio.pe
1309,ew.com
1310,onclicktop.com
1311,elegantthemes.com
1312,abc.net.au
1313,ed.gov
1314,leo.org
1315,strava.com
1316,staples.com
1317,p5w.net
1318,ucoz.ru
1319,ycombinator.com
1320,dmv.org
1321,express.pk
1322,eztv.ag
1323,flashscore.com
1324,mediaplex.com
1325,xuite.net
1326,torrentwiz.com
1327,indianrail.gov.in
1328,efukt.com
1329,poste.it
1330,dw.com
1331,slither.io
1332,championat.com
1333,mynet.com
1334,cmoney.tw
1335,keezmovies.com
1336,smi2.ru
1337,googleblog.com
1338,cocolog-nifty.com
1339,invisionapp.com
1340,programme-tv.net
1341,ascii.jp
1342,justporno.tv
1343,histats.com
1344,gittigidiyor.com
1345,fortune.com
1346,leaguehighlight.com
1347,ft.com
1348,icims.com
1349,atlassian.com
1350,sky.com
1351,blog.ir
1352,mangareader.net
1353,yeniakit.com.tr
1354,surfsecured.net
1355,mos.ru
1356,mayoclinic.org
1357,mixplugin.com
1358,sifyitest.com
1359,mathworks.com
1360,foxsports.com
1361,zougla.gr
1362,jcpenney.com
1363,postbank.de
1364,torrentz.eu
1365,mangastream.com
1366,rollingstone.com
1367,zulily.com
1368,optmz.online
1369,bahn.de
1370,elbalad.news
1371,purdue.edu
1372,cnbeta.com
1373,pixellitomedia.com
1374,postimg.org
1375,creativemarket.com
1376,padsdel.com
1377,sears.com
1378,quickprivacycheck.com
1379,zhaopin.com
1380,dianping.com
1381,blogspot.kr
1382,cdninstagram.com
1383,blogspot.tw
1384,tripadvisor.in
1385,sozcu.com.tr
1386,axisbank.com
1387,techtarget.com
1388,etorrent.kr
1389,adnxs.com
1390,feng.com
1391,guancha.cn
1392,change.org
1393,hibapress.com
1394,vox.com
1395,alarabiya.net
1396,popundertotal.com
1397,whitepages.com
1398,searchalgo.com
1399,kinox.to
1400,20minutes.fr
1401,blogspot.com.tr
1402,tunein.com
1403,perfecttoolmedia.com
1404,cdstm.cn
1405,backlog.jp
1406,kickass.cd
1407,ebates.com
1408,foursquare.com
1409,lg.com
1410,baskino.club
1411,similarweb.com
1412,forever21.com
1413,bt.com
1414,mbc.net
1415,cc.com
1416,spanishdict.com
1417,marktplaats.nl
1418,mirtesen.ru
1419,haberturk.com
1420,hamariweb.com
1421,finn.no
1422,ozon.ru
1423,dhl.com
1424,miniclip.com
1425,kizlarsoruyor.com
1426,lazada.com.my
1427,cracked.com
1428,yomiuri.co.jp
1429,commbank.com.au
1430,tomsguide.com
1431,mixi.jp
1432,frtyg.com
1433,vjav.com
1434,over-blog.com
1435,colorlib.com
1436,skyscanner.net
1437,spankwire.com
1438,uniqlo.com
1439,archiveofourown.org
1440,nbcsports.com
1441,newyorker.com
1442,unam.mx
1443,vidio.com
1444,wunderlist.com
1445,staticflickr.com
1446,chess.com
1447,lavanguardia.com
1448,depositphotos.com
1449,sunporno.com
1450,rackcdn.com
1451,usenet.nl
1452,6park.com
1453,news.com.au
1454,tenki.jp
1455,vq918450.com
1456,quanmin.tv
1457,nouvelobs.com
1458,nationalgeographic.com
1459,lloydsbank.co.uk
1460,tvguide.com
1461,mileroticos.com
1462,cpmofferconvert.com
1463,ampxchange.com
1464,study.com
1465,chooseauto.com.cn
1466,urbanoutfitters.com
1467,smallpdf.com
1468,shaadi.com
1469,linternaute.com
1470,24h.com.vn
1471,piliapp.com
1472,solidfiles.com
1473,pnc.com
1474,sp.gov.br
1475,sprint.com
1476,video-one.com
1477,masrawy.com
1478,href.li
1479,macrumors.com
1480,hsbc.co.uk
1481,visualstudio.com
1482,porntube.com
1483,tvn24.pl
1484,opensubtitles.org
1485,graphicriver.net
1486,qz.com
1487,tim.it
1488,sindonews.com
1489,soccerway.com
1490,iconfinder.com
1491,20minutos.es
1492,rakuten.ne.jp
1493,idealo.de
1494,ctrip.com
1495,walgreens.com
1496,gazeta.ru
1497,infowars.com
1498,one.com
1499,dealwifi.com
1500,witchcraftcash.com
1501,51cto.com
1502,iflscience.com
1503,caf.fr
1504,wiocha.pl
1505,idealista.com
1506,hilton.com
1507,linguee.fr
1508,indeed.co.in
1509,3dmgame.com
1510,metacritic.com
1511,sporx.com
1512,engageya.com
1513,alohatube.com
1514,pch.com
1515,zeit.de
1516,bc.vc
1517,sephora.com
1518,ceneo.pl
1519,renren.com
1520,kapook.com
1521,xiaomi.com
1522,payu.in
1523,filmibeat.com
1524,fotostrana.ru
1525,joins.com
1526,cda.pl
1527,tabnak.ir
1528,mihanblog.com
1529,lightinthebox.com
1530,nate.com
1531,pornhublive.com
1532,adultfriendfinder.com
1533,drupal.org
1534,gnavi.co.jp
1535,irecommend.ru
1536,imgchili.net
1537,submarino.com.br
1538,17track.net
1539,tnt-online.ru
1540,sanjesh.org
1541,samplicio.us
1542,bravotube.net
1543,freejobalert.com
1544,mail.com
1545,ngacn.cc
1546,last.fm
1547,mufg.jp
1548,itau.com.br
1549,fnac.com
1550,suara.com
1551,coursehero.com
1552,disq.us
1553,brainyquote.com
1554,multitran.ru
1555,tawk.to
1556,donanimhaber.com
1557,sugklonistiko.gr
1558,wenxuecity.com
1559,fotolia.com
1560,google.com.pr
1561,ouo.press
1562,dpreview.com
1563,duba.com
1564,nvidia.com
1565,iheart.com
1566,chegg.com
1567,unblocked.vip
1568,hongkiat.com
1569,withgoogle.com
1570,kuronekoyamato.co.jp
1571,pirateproxy.red
1572,githubusercontent.com
1573,unsplash.com
1574,sendspace.com
1575,toponclick.com
1576,iqoption.com
1577,google.com.mm
1578,lazada.co.th
1579,tecmundo.com.br
1580,readthedocs.io
1581,anybunny.com
1582,sbnation.com
1583,leadpages.co
1584,usmagazine.com
1585,wav.tv
1586,livetv.sx
1587,pcworld.com
1588,xiami.com
1589,softpedia.com
1590,friendlyduck.com
1591,chengdu.cn
1592,sports.ru
1593,ficbook.net
1594,arstechnica.com
1595,startpage.com
1596,zoom.us
1597,avito.ma
1598,arcot.com
1599,innfrad.com
1600,aruba.it
1601,alodokter.com
1602,sanook.com
1603,barnesandnoble.com
1604,znanija.com
1605,algocashmaster.net
1606,legacy.com
1607,hollywoodreporter.com
1608,curse.com
1609,ulmart.ru
1610,who.is
1611,coupons.com
1612,maybank2u.com.my
1613,afreecatv.com
1614,inmotionhosting.com
1615,icolor.com.cn
1616,wpbeginner.com
1617,androidauthority.com
1618,academic.ru
1619,ukr.net
1620,dropboxusercontent.com
1621,mcafee.com
1622,eporner.com
1623,orf.at
1624,repelis.tv
1625,woot.com
1626,iherb.com
1627,nbc.com
1628,ibtimes.com
1629,sosodesktop.com
1630,tsite.jp
1631,buy.tmall.com
1632,typeform.com
1633,wuxiaworld.com
1634,chicagotribune.com
1635,shutterfly.com
1636,iciba.com
1637,directv.com
1638,nymag.com
1639,kenh14.vn
1640,profitmaximizer.co
1641,empowr.com
1642,media.net
1643,wikiwand.com
1644,bamilo.com
1645,ssisurveys.com
1646,wondershare.com
1647,polyvore.com
1648,all-free-download.com
1649,garmin.com
1650,pagesjaunes.fr
1651,rakuten-card.co.jp
1652,index.hu
1653,autotrader.com
1654,myegy.win
1655,bcvc.mobi
1656,billboard.com
1657,howstuffworks.com
1658,slidesharecdn.com
1659,tf1.fr
1660,nextdoor.com
1661,bustle.com
1662,1und1.de
1663,abc.go.com
1664,advertiserurl.com
1665,el-nacional.com
1666,deadspin.com
1667,ilmeteo.it
1668,argos.co.uk
1669,faz.net
1670,seekingalpha.com
1671,kongregate.com
1672,fiuxy.net
1673,jetbrains.com
1674,01n2e3pac2.com
1675,mangahere.co
1676,banvenez.com
1677,ex.ua
1678,heavy.com
1679,airasia.com
1680,drugs.com
1681,rutor.info
1682,gaana.com
1683,lostfilm.tv
1684,olx.ro
1685,artstation.com
1686,complex.com
1687,vmware.com
1688,payseal.com
1689,vidto.me
1690,esuteru.com
1691,namecheap.com
1692,wildberries.ru
1693,mysmartprice.com
1694,terra.com.br
1695,worldoftanks.ru
1696,credit-agricole.fr
1697,mega.co.nz
1698,cyro.se
1699,opensooq.com
1700,likemag.com
1701,phonearena.com
1702,ilsole24ore.com
1703,3sk.tv
1704,agar.io
1705,trustpilot.com
1706,dhl.de
1707,go2cloud.org
1708,imgrum.net
1709,here.com
1710,fromdoctopdf.com
1711,mapquest.com
1712,fitbit.com
1713,ansa.it
1714,easports.com
1715,hatenablog.jp
1716,warning.or.kr
1717,ovh.net
1718,gettyimages.com
1719,lds.org
1720,kompasiana.com
1721,thepennyhoarder.com
1722,ccidnet.com
1723,udacity.com
1724,life.tw
1725,bfmtv.com
1726,umeng.com
1727,panda.tv
1728,smugmug.com
1729,bigcinema.to
1730,popmaster.ir
1731,goibibo.com
1732,sakshi.com
1733,tvbs.com.tw
1734,traidnt.net
1735,indeed.co.uk
1736,yallakora.com
1737,tandfonline.com
1738,atmarkit.co.jp
1739,we-are-gamers.com
1740,googleadservices.com
1741,sap.com
1742,google.com.sv
1743,yourstory.com
1744,jalan.net
1745,hstpnetwork.com
1746,kizi.com
1747,telekom.com
1748,statcounter.com
1749,columbia.edu
1750,schwab.com
1751,wyborcza.pl
1752,onliner.by
1753,wikispaces.com
1754,typepad.com
1755,deref-gmx.net
1756,vg.no
1757,businessweekly.com.tw
1758,skidrowreloaded.com
1759,unicredit.it
1760,bedbathandbeyond.com
1761,thebalance.com
1762,ubi.com
1763,juksy.com
1764,ig.com.br
1765,tut.by
1766,bol.uol.com.br
1767,world.tmall.com
1768,playground.ru
1769,yify-torrent.org
1770,bulbagarden.net
1771,nuesearch.com
1772,wetter.com
1773,hotpepper.jp
1774,infoseek.co.jp
1775,panet.co.il
1776,toyokeizai.net
1777,healthline.com
1778,mathxl.com
1779,lindaikejisblog.com
1780,v1.cn
1781,gorillavid.in
1782,ynet.co.il
1783,flashx.tv
1784,google.com.cu
1785,healthylives.tw
1786,mercari.com
1787,google.com.bo
1788,btolat.com
1789,meaww.com
1790,mobafire.com
1791,douga-getter.com
1792,skrill.com
1793,flipboard.com
1794,cb01.me
1795,vcommission.com
1796,01net.com
1797,deliverymodo.com
1798,smh.com.au
1799,kbb.com
1800,wonderlandads.com
1801,vente-privee.com
1802,tripadvisor.it
1803,ynet.com
1804,softbank.jp
1805,fvpimageviewer.com
1806,gamestop.com
1807,twentytwowords.com
1808,clubic.com
1809,pcgamer.com
1810,amazon.com.mx
1811,sparknotes.com
1812,lastampa.it
1813,smzdm.com
1814,wpengine.com
1815,nikkansports.com
1816,bs.to
1817,cornell.edu
1818,pcadvisor.co.uk
1819,banesconline.com
1820,adpop-1.com
1821,ebscohost.com
1822,thehill.com
1823,yandex.by
1824,prestashop.com
1825,nhl.com
1826,kicker.de
1827,voyages-sncf.com
1828,exhentai.org
1829,4tube.com
1830,k2s.cc
1831,rajnikantvscidjokes.in
1832,windows.net
1833,qiwi.com
1834,mypearson.com
1835,nmisr.com
1836,google.lv
1837,jet.com
1838,francetvinfo.fr
1839,xrutor.org
1840,jkanime.net
1841,sport.es
1842,movixhub.com
1843,autohome.com.cn
1844,lifehack.org
1845,b9dm.com
1846,am15.net
1847,haberler.com
1848,xkcd.com
1849,snopes.com
1850,chinatimes.com
1851,food.com
1852,dagospia.com
1853,imgbox.com
1854,vistaprint.com
1855,skroutz.gr
1856,thechive.com
1857,spaceshipads.com
1858,knowyourmeme.com
1859,hulu.jp
1860,blibli.com
1861,deutsche-bank.de
1862,fast-torrent.ru
1863,shorte.st
1864,pottermore.com
1865,neteller.com
1866,streamable.com
1867,umich.edu
1868,sopitas.com
1869,plarium.com
1870,nhadatso.com
1871,myspace.com
1872,rozblog.com
1873,seriesflv.net
1874,wnd.com
1875,yifysubtitles.com
1876,gravatar.com
1877,fb.ru
1878,meteofrance.com
1879,fool.com
1880,tvfplay.com
1881,todoist.com
1882,topgameforyou.com
1883,economist.com
1884,baixaki.com.br
1885,perfectgirls.net
1886,w3school.com.cn
1887,datafile.com
1888,hitwe.com
1889,ny.gov
1890,ly.com
1891,india-zed.com
1892,fandango.com
1893,soku.com
1894,screencast.com
1895,arxiv.org
1896,thepornsurvey.com
1897,coolmath-games.com
1898,pornmd.com
1899,rus.ec
1900,allabout.co.jp
1901,bradesco.com.br
1902,sunmaker.com
1903,mts.ru
1904,crhoy.com
1905,17173.com
1906,weheartit.com
1907,aftonbladet.se
1908,bestadbid.com
1909,sueddeutsche.de
1910,turnitin.com
1911,debate.com.mx
1912,videohive.net
1913,google.com.gh
1914,shop-pro.jp
1915,plurk.com
1916,bet365.es
1917,otzovik.com
1918,jugem.jp
1919,yadi.sk
1920,larousse.fr
1921,forocoches.com
1922,metrolyrics.com
1923,charteko.com
1924,fazenda.gov.br
1925,victoriassecret.com
1926,picofile.com
1927,tubepornclassic.com
1928,p30download.com
1929,talk.tw
1930,ranker.com
1931,jetaoshqef.co
1932,adobelogin.com
1933,yourdictionary.com
1934,stubhub.com
1935,zimbio.com
1936,farfetch.com
1937,musica.com
1938,office.net
1939,mtv.com
1940,timeout.com
1941,mmmoffice.com
1942,adskeeper.co.uk
1943,mvideo.ru
1944,un.org
1945,codeadnetwork.com
1946,trustedreviews.com
1947,mainichi.jp
1948,collegeboard.org
1949,creativebloq.com
1950,avast.com
1951,pelis24.com
1952,taimienphi.vn
1953,rae.es
1954,tesco.com
1955,yoox.com
1956,sonyentertainmentnetwork.com
1957,msmtrakk10a.com
1958,bsnl.in
1959,ashemaletube.com
1960,focus.cn
1961,haraj.com.sa
1962,playbuzz.com
1963,kissmanga.com
1964,thewaycloud.com
1965,docusign.net
1966,users.wix.com
1967,saavn.com
1968,okwave.jp
1969,bb.com.br
1970,tse.jus.br
1971,edmunds.com
1972,linguee.de
1973,welq.jp
1974,javgo.me
1975,flightradar24.com
1976,4gamer.net
1977,banamex.com
1978,autoscout24.de
1979,otomoto.pl
1980,ivi.ru
1981,mawdoo3.com
1982,cdc.gov
1983,emuparadise.me
1984,bomb01.com
1985,affiliaxe.com
1986,jstor.org
1987,samsclub.com
1988,adweek.com
1989,mercadolibre.com
1990,filmaffinity.com
1991,edmodo.com
1992,ana.co.jp
1993,rozetka.com.ua
1994,thomann.de
1995,reclameaqui.com.br
1996,theprofitsmaker.net
1997,baomihua.com
1998,nur.kz
1999,scol.com.cn
2000,tgbus.com
2001,quideo.men
2002,forgeofempires.com
2003,easyjet.com
2004,epochtimes.com
2005,ldblog.jp
2006,planetromeo.com
2007,tilestwra.com
2008,cvs.com
2009,cna.com.tw
2010,santander.co.uk
2011,syosetu.com
2012,filmix.net
2013,concursolutions.com
2014,vtv.vn
2015,hamusoku.com
2016,gjoyz.com
2017,metro.co.uk
2018,eroprofile.com
2019,nyu.edu
2020,searchengineland.com
2021,liveperson.net
2022,empflix.com
2023,service.gov.uk
2024,blogspot.com.co
2025,jio.com
2026,daraz.pk
2027,techbang.com
2028,xmediaserve.com
2029,uidai.gov.in
2030,couch-tuner.ag
2031,kalerkantho.com
2032,hltv.org
2033,wisc.edu
2034,tasnimnews.com
2035,si.com
2036,pixhost.org
2037,videodownloadconverter.com
2038,nu.nl
2039,forexfactory.com
2040,made-in-china.com
2041,uludagsozluk.com
2042,gopro.com
2043,plays.tv
2044,dek-d.com
2045,fetlife.com
2046,disney.go.com
2047,sulekha.com
2048,bankrate.com
2049,ehow.com
2050,movie2free.com
2051,sina.com
2052,careerbuilder.com
2053,heavy-r.com
2054,gnula.nu
2055,ggpht.com
2056,onlinecreditcenter6.com
2057,coub.com
2058,dji.com
2059,metdaan.com
2060,washington.edu
2061,mamba.ru
2062,99acres.com
2063,surveyrouter.com
2064,7891531.com
2065,ucla.edu
2066,theweathernetwork.com
2067,refinery29.com
2068,domaintools.com
2069,qatarairways.com
2070,intentmedia.net
2071,stripe.com
2072,mydrivers.com
2073,craigslist.ca
2074,computerbild.de
2075,tattoodo.com
2076,ixxx.com
2077,tnctrx.com
2078,apytrc.com
2079,bitmedianetwork.com
2080,tokyo.jp
2081,aclst.com
2082,q.gs
2083,google.com.np
2084,cima4u.tv
2085,leparisien.fr
2086,readmanga.me
2087,123kubo.com
2088,mmo-champion.com
2089,asriran.com
2090,glassdoor.co.in
2091,worldofwarcraft.com
2092,rakuten.com
2093,ccb.com
2094,capitalone360.com
2095,sznews.com
2096,dailykos.com
2097,payumoney.com
2098,eset.com
2099,laravel.com
2100,abema.tv
2101,google.com.lb
2102,teacherspayteachers.com
2103,boc.cn
2104,rdsa2012.com
2105,isohunt.to
2106,jizzbunker.com
2107,google.com.af
2108,allkpop.com
2109,pornhd.com
2110,imitrk.com
2111,labirint.ru
2112,bankmandiri.co.id
2113,blogspot.pe
2114,teamtreehouse.com
2115,asp.net
2116,sky.it
2117,ycwb.com
2118,biblehub.com
2119,traffichunt.com
2120,lonelyplanet.com
2121,redbubble.com
2122,fanli.com
2123,persianblog.ir
2124,mejortorrent.com
2125,danawa.com
2126,cheatsheet.com
2127,today.com
2128,wolframalpha.com
2129,angularjs.org
2130,eltiempo.com
2131,ingdirect.es
2132,emirates.com
2133,rg.ru
2134,zergnet.com
2135,90min.com
2136,marumaru.in
2137,mundo.com
2138,nipic.com
2139,timewarnercable.com
2140,google.ba
2141,mundodeportivo.com
2142,freebitco.in
2143,esporte.uol.com.br
2144,rakuten-bank.co.jp
2145,tvplusnewtab.com
2146,torrentdownloads.me
2147,hola.org
2148,zcool.com.cn
2149,brazzersnetwork.com
2150,baiducontent.com
2151,yammer.com
2152,kakao.com
2153,snowbitt.com
2154,zeroredirect11.com
2155,hubpages.com
2156,estadao.com.br
2157,baiducdn.org
2158,mehrnews.com
2159,torrentfreak.com
2160,zimuzu.tv
2161,kinokrad.co
2162,southcn.com
2163,noticias.uol.com.br
2164,greatandhra.com
2165,medscape.com
2166,rackspace.com
2167,virgilio.it
2168,infolinks.com
2169,aljazeera.com
2170,christian-dogma.com
2171,thethao247.vn
2172,express.com.pk
2173,couchsurfing.com
2174,acs.org
2175,bmi.ir
2176,fang.com
2177,gtmetrix.com
2178,planetsuzy.org
2179,zybang.com
2180,joomla.org
2181,choice-of-gamers.com
2182,startimes.com
2183,segmentfault.com
2184,tfile.co
2185,virginmedia.com
2186,apkpure.com
2187,boursorama.com
2188,infojobs.net
2189,cars.com
2190,cosmopolitan.com
2191,ekantipur.com
2192,nation.co.ke
2193,eluniverso.com
2194,ksl.com
2195,dailysnark.com
2196,yr.no
2197,rumble.com
2198,javfor.me
2199,n-tv.de
2200,sbicard.com
2201,247sports.com
2202,realestate.com.au
2203,google.jo
2204,sunfrog.com
2205,avira.com
2206,myfonts.com
2207,dwnews.com
2208,thegreatdaily.com
2209,sport.pl
2210,kaspersky.com
2211,r7.com
2212,clips4sale.com
2213,protect-service-center.com
2214,fnb.co.za
2215,rockstargames.com
2216,2gis.ru
2217,autotrader.co.uk
2218,deref-web-02.de
2219,willhaben.at
2220,xmovies8.tv
2221,toysrus.com
2222,khabaronline.ir
2223,books.com.tw
2224,rocketnews24.com
2225,lcl.fr
2226,att.net
2227,vagalume.com.br
2228,dx.com
2229,bancsabadell.com
2230,advancedpctools.com
2231,ap.org
2232,beytoote.com
2233,mercadolibre.com.co
2234,2chan.net
2235,telegrafi.com
2236,tagesschau.de
2237,gigya.com
2238,trafficserving.com
2239,filmfanatic.com
2240,gamme.com.tw
2241,watchcartoononline.com
2242,milenio.com
2243,licdn.com
2244,msnbc.com
2245,xsrv.jp
2246,filelist.ro
2247,siteground.com
2248,venturebeat.com
2249,instiz.net
2250,netdna-cdn.com
2251,sagepub.com
2252,priceminister.com
2253,zoomit.ir
2254,jobrapido.com
2255,sportbox.ru
2256,betfair.com
2257,puu.sh
2258,cyberciti.biz
2259,sina.com.tw
2260,scholastic.com
2261,whatismyipaddress.com
2262,cinemablend.com
2263,lagaceta.com.ar
2264,newsnow.co.uk
2265,vine.co
2266,cybozu.com
2267,codeplex.com
2268,ren.tv
2269,williamhill.com
2270,google.com.uy
2271,ntv.ru
2272,conduit.com
2273,umn.edu
2274,kddi.com
2275,yandex.net
2276,homepage-web.com
2277,openclassrooms.com
2278,zdnet.com
2279,51auto.com
2280,dramafever.com
2281,firstgame.xyz
2282,doramatv.ru
2283,tosarang.net
2284,ifixit.com
2285,futhead.com
2286,funnyjunk.com
2287,inspsearch.com
2288,suumo.jp
2289,utexas.edu
2290,rbcroyalbank.com
2291,fatosdesconhecidos.com.br
2292,gumtree.co.za
2293,wistia.com
2294,netsuite.com
2295,muzofon.com
2296,telewebion.com
2297,pcloud.com
2298,bayt.com
2299,abcdf.pro
2300,wow.com
2301,cint.com
2302,gleam.io
2303,ashleyrnadison.com
2304,viki.com
2305,pitchfork.com
2306,opera.com
2307,citrixonline.com
2308,zipbogo.net
2309,trovaprezzi.it
2310,pearsonmylabandmastering.com
2311,qvc.com
2312,mk.ru
2313,sarkariresult.com
2314,standardmedia.co.ke
2315,jjack56.com
2316,akhbarak.net
2317,javpop.com
2318,1111.com.tw
2319,imagevenue.com
2320,blogsky.com
2321,isna.ir
2322,emp3z.com
2323,societe.com
2324,dm5.com
2325,psychologytoday.com
2326,expansion.com
2327,dict.cn
2328,emag.ro
2329,porn.porn
2330,crowdworks.jp
2331,barclaycardus.com
2332,logitech.com
2333,images-amazon.com
2334,kshowonline.com
2335,olx.com.pk
2336,kinoprofi.net
2337,misr5.com
2338,hsbc.com.hk
2339,minecraft.net
2340,play-bar.net
2341,fwbntw.com
2342,telegraaf.nl
2343,duden.de
2344,super.cz
2345,buscape.com.br
2346,scotiabank.com
2347,telegraf.com.ua
2348,mycamptrack.com
2349,torrentz.ht
2350,alimama.com
2351,toggl.com
2352,diigo.com
2353,holloporn.com
2354,tahrirnews.com
2355,joemonster.org
2356,salon.com
2357,makeleio.gr
2358,dailycaller.com
2359,lexpress.fr
2360,skyscrapercity.com
2361,wwe.com
2362,history.com
2363,ibanking-services.com
2364,nesn.com
2365,webmoney.ru
2366,prom.ua
2367,tinypic.com
2368,ing.nl
2369,vector.co.jp
2370,cic.gc.ca
2371,rfi.fr
2372,whois.com
2373,webinarjam.net
2374,variety.com
2375,2ch-c.net
2376,bolshoyvopros.ru
2377,metropoles.com
2378,islamweb.net
2379,higherperspectives.com
2380,58pic.com
2381,shine.com
2382,sportzwiki.com
2383,uscis.gov
2384,alfalfalfa.com
2385,diamond.jp
2386,famitsu.com
2387,tass.ru
2388,alluc.ee
2389,weathernews.jp
2390,radikal.ru
2391,po-kaki-to.com
2392,pubted.com
2393,storm.mg
2394,veinteractive.com
2395,diretta.it
2396,adslgate.com
2397,voot.com
2398,adyou.me
2399,illinois.edu
2400,venturead.com
2401,spdtrkr.com
2402,eldorado.ru
2403,oceanofgames.com
2404,livestream.com
2405,jezebel.com
2406,gizmodo.jp
2407,amarujala.com
2408,csfd.cz
2409,beeline.ru
2410,wpmudev.org
2411,cafemom.com
2412,docusign.com
2413,cityadspix.com
2414,hitomi.la
2415,adidas.com
2416,ubisoft.com
2417,olx.kz
2418,gosuslugi.ru
2419,interpark.com
2420,v2ex.com
2421,gfarchive.com
2422,globaltestmarket.com
2423,hexun.com
2424,abcdt.pro
2425,dumpert.nl
2426,videoyoum7.com
2427,allmyvideos.net
2428,producthunt.com
2429,wapka.mobi
2430,1001fonts.com
2431,hugedomains.com
2432,tcaferr.com
2433,garanti.com.tr
2434,mafengwo.cn
2435,elcomercio.com
2436,blocket.se
2437,google.co.ma
2438,privatbank.ua
2439,societegenerale.fr
2440,tripadvisor.es
2441,aranzulla.it
2442,sponichi.co.jp
2443,service-now.com
2444,origin.com
2445,xataka.com
2446,dailythanthi.com
2447,ole.com.ar
2448,fantasti.cc
2449,inquisitr.com
2450,zazzle.com
2451,zhibo8.cc
2452,el7l.tv
2453,medlineplus.gov
2454,rtve.es
2455,thoughtcatalog.com
2456,livemaster.ru
2457,oxforddictionaries.com
2458,nhentai.net
2459,nexon.com
2460,city-data.com
2461,naij.com
2462,4cdn.org
2463,buffer.com
2464,upenn.edu
2465,cheezburger.com
2466,sinoptik.ua
2467,news18.com
2468,keywordtool.io
2469,onlylady.com
2470,o2.pl
2471,sankakucomplex.com
2472,duowan.com
2473,hackerrank.com
2474,tiu.ru
2475,aastocks.com
2476,fotor.com
2477,com-security.site
2478,orbitz.com
2479,clicrbs.com.br
2480,uefa.com
2481,oomall.com
2482,anysex.com
2483,bizpacreview.com
2484,linkwithin.com
2485,mirrorcreator.com
2486,halifax-online.co.uk
2487,awwwards.com
2488,bbva.es
2489,lotterypost.com
2490,static1.squarespace.com
2491,walmart.com.br
2492,rr.com
2493,smv.to
2494,azet.sk
2495,goodgamestudios.com
2496,koreastardaily.com
2497,pushcrew.com
2498,plmuxaeyapbqxszavtsljaqvmlsuuvifznvttuuqfcxcbgqdnn.com
2499,tradingview.com
2500,voluumtrk.com
2501,huffingtonpost.jp
2502,moviescounter.com
2503,zamunda.net
2504,laposte.fr
2505,myvidster.com
2506,javarchive.com
2507,fudan.edu.cn
2508,dominos.com
2509,bancdebinary.com
2510,barclays.co.uk
2511,impots.gouv.fr
2512,mashreghnews.ir
2513,upsocl.com
2514,reverb.com
2515,pornoonlain.tv
2516,sunnyplayer.com
2517,sedty.com
2518,startgo123.com
2519,appx.hk
2520,heureka.cz
2521,vipergirls.to
2522,aucfan.com
2523,oxfordjournals.org
2524,protothema.gr
2525,carwale.com
2526,mpnrs.com
2527,jorudan.co.jp
2528,vogue.com
2529,livemint.com
2530,bizjournals.com
2531,woocommerce.com
2532,gelocal.it
2533,gemius.com
2534,konga.com
2535,colourpop.com
2536,ixl.com
2537,docker.com
2538,pochta.ru
2539,uploadboy.com
2540,evite.com
2541,afftrack.com
2542,teespring.com
2543,mightytext.net
2544,filgoal.com
2545,solicita.info
2546,xxxtubedot.com
2547,zoopla.co.uk
2548,amd.com
2549,nrk.no
2550,bloglovin.com
2551,iobit.com
2552,cmu.edu
2553,ahrefs.com
2554,tympanus.net
2555,jpnn.com
2556,zalando.de
2557,giga.de
2558,plex.tv
2559,geeksforgeeks.org
2560,redhat.com
2561,haruka-yumenoato.net
2562,aljaras.com
2563,republika.co.id
2564,ghanaweb.com
2565,kwejk.pl
2566,ieh1ook.bid
2567,segundamano.mx
2568,anyporn.com
2569,screenrant.com
2570,th3professional.com
2571,xehoiviet.com
2572,trafstarcurlms.com
2573,wikibooks.org
2574,googledrive.com
2575,secureinternetbank.com
2576,huffingtonpost.in
2577,downloadastro.com
2578,tribune.com.pk
2579,yimg.com
2580,who.int
2581,hillaryclinton.com
2582,esy.es
2583,djelfa.info
2584,jjwxc.net
2585,alwakeelnews.com
2586,freepik.es
2587,prostoporno.me
2588,shein.com
2589,rotoworld.com
2590,inoreader.com
2591,citilink.ru
2592,mellowads.com
2593,xero.com
2594,diep.io
2595,joyme.com
2596,fastcompany.com
2597,nhaccuatui.com
2598,bancobrasil.com.br
2599,a8.net
2600,carview.co.jp
2601,yonhapnews.co.kr
2602,cargurus.com
2603,livescience.com
2604,huffingtonpost.fr
2605,meb.gov.tr
2606,magicbricks.com
2607,dnaindia.com
2608,turkiye.gov.tr
2609,dantri.com.vn
2610,patheos.com
2611,dnsrsearch.com
2612,kotak.com
2613,myawesomecash.com
2614,dytt8.net
2615,mensxp.com
2616,consultant.ru
2617,cox.net
2618,wmtransfer.com
2619,crunchbase.com
2620,champion.gg
2621,sbisec.co.jp
2622,taoche.com
2623,business-standard.com
2624,tdbank.com
2625,bbb.org
2626,eleconomista.es
2627,everythingviralhere.com
2628,suntrust.com
2629,adreactor.com
2630,archive.is
2631,bdnews24.com
2632,javlibrary.com
2633,sinaimg.cn
2634,niusnews.com
2635,cabelas.com
2636,facenama.com
2637,yatra.com
2638,tvtropes.org
2639,princeton.edu
2640,libgen.io
2641,hkgolden.com
2642,tiscali.it
2643,chefkoch.de
2644,lego.com
2645,oneplus.net
2646,sabay.com.kh
2647,coupang.com
2648,docin.com
2649,t66y.com
2650,ets.org
2651,easybib.com
2652,disney.com
2653,bizrate.com
2654,starwoodhotels.com
2655,sun-gazing.com
2656,aarp.org
2657,iha-a.link
2658,huffingtonpost.it
2659,sony.jp
2660,voanews.com
2661,newsmax.com
2662,britishcouncil.org
2663,rojadirecta.eu
2664,webassign.net
2665,immobiliare.it
2666,ihg.com
2667,seesaawiki.jp
2668,pelispedia.tv
2669,mp4ba.com
2670,naughtyamerica.com
2671,sme.sk
2672,citibankonline.com
2673,teletica.com
2674,cleartrip.com
2675,lamoda.ru
2676,phimmoi.net
2677,businessinsider.in
2678,ifttt.com
2679,hotukdeals.com
2680,prnewswire.com
2681,pron.tv
2682,eldiario.es
2683,pckeeper.software
2684,squareup.com
2685,on.cc
2686,sonymobile.com
2687,omegle.com
2688,imore.com
2689,unilad.co.uk
2690,huffpostarabi.com
2691,panasonic.jp
2692,manta.com
2693,wetteronline.de
2694,wowmovix.com
2695,365jia.cn
2696,jcrew.com
2697,jusbrasil.com.br
2698,padlet.com
2699,geforce.com
2700,cengage.com
2701,ubuntuforums.org
2702,18183.com
2703,minuto30.com
2704,indiabix.com
2705,neogaf.com
2706,letras.mus.br
2707,ipage.com
2708,toastedballs.com
2709,sportsdirect.com
2710,gumtree.pl
2711,hbr.org
2712,mgtv.com
2713,tr-sanat.info
2714,pordede.com
2715,linguee.es
2716,umd.edu
2717,google.cm
2718,pingdom.com
2719,rai.it
2720,paidverts.com
2721,pokemon.com
2722,lifehacker.ru
2723,icook.tw
2724,abola.pt
2725,tupaki.com
2726,template.net
2727,hbogo.com
2728,tripadvisor.fr
2729,pbskids.org
2730,dotabuff.com
2731,liginc.co.jp
2732,vz.ru
2733,superinterstitial.com
2734,viadeo.com
2735,prensalibre.com
2736,earthlink.net
2737,polygon.com
2738,commerzbank.de
2739,vodafone.in
2740,blic.rs
2741,dubizzle.com
2742,mnrate.com
2743,nexon.co.jp
2744,sexix.net
2745,paraloscuriosos.com
2746,popkade.ir
2747,1varzesh.com
2748,cinecalidad.com
2749,tatacliq.com
2750,tvzvezda.ru
2751,arabi21.com
2752,money.pl
2753,meituan.com
2754,blogspot.cl
2755,google.com.kh
2756,ibtimes.co.in
2757,yuncomics.com
2758,olx.com.eg
2759,katcr.to
2760,gitlab.com
2761,alternativeto.net
2762,tamilrockers.lu
2763,computerhope.com
2764,bigcartel.com
2765,lesechos.fr
2766,webs.com
2767,filecrypt.cc
2768,usc.edu
2769,forumfree.it
2770,anjuke.com
2771,regnum.ru
2772,mypayingads.com
2773,zapier.com
2774,sportskeeda.com
2775,bama.ir
2776,eurosport.fr
2777,dagbladet.no
2778,jmw.com.cn
2779,forexparadise.biz
2780,apkmirror.com
2781,excelsior.com.mx
2782,mixcloud.com
2783,cwb.gov.tw
2784,state.tx.us
2785,travelocity.com
2786,linguee.com
2787,derstandard.at
2788,google.com.bh
2789,eclipse.org
2790,britannica.com
2791,bookzz.org
2792,rentalcars.com
2793,avclub.com
2794,zemtv.com
2795,mangapanda.com
2796,name.com
2797,frwdx.com
2798,thomsonreuters.com
2799,namasha.com
2800,atwiki.jp
2801,adexchangecloud.com
2802,macworld.co.uk
2803,sciencedaily.com
2804,gadgetsnow.com
2805,fanatik.com.tr
2806,bgr.com
2807,tamin.ir
2808,seloger.com
2809,britishairways.com
2810,minecraftforum.net
2811,moudamepo.com
2812,vidbull.com
2813,591.com.tw
2814,juicyads.com
2815,jang.com.pk
2816,index.hr
2817,moneyforward.com
2818,ehowenespanol.com
2819,redbus.in
2820,maplestage.com
2821,chomikuj.pl
2822,etao.com
2823,performance-zone.com
2824,spiceworks.com
2825,powerschool.com
2826,cafe24.com
2827,shabdkosh.com
2828,vanguardngr.com
2829,idntimes.com
2830,ummy.net
2831,marketo.com
2832,vrbo.com
2833,akb48matomemory.com
2834,mathrubhumi.com
2835,ganool.ph
2836,videolan.org
2837,laafoka.com
2838,scoobywhoop.com
2839,avxhome.in
2840,pagseguro.uol.com.br
2841,olx.ph
2842,successfactors.com
2843,newsru.com
2844,fraghero.com
2845,way2sms.com
2846,homes.co.jp
2847,a10.com
2848,starbucks.com
2849,nesaporn.com
2850,translit.net
2851,laracasts.com
2852,dramaq.biz
2853,104.com.tw
2854,msu.edu
2855,rivals.com
2856,caribbeancom.com
2857,soft98.ir
2858,meduza.io
2859,maturealbum.com
2860,chanet.com.cn
2861,hjenglish.com
2862,iitr.ac.in
2863,smashingmagazine.com
2864,jalopnik.com
2865,smartsheet.com
2866,netshoes.com.br
2867,dxy.cn
2868,shmoop.com
2869,ntdtv.com
2870,fantasypros.com
2871,jadsmediaflw.com
2872,mediamarkt.de
2873,bluestacks.com
2874,toptenreviews.com
2875,nj.com
2876,literotica.com
2877,dangdang.com
2878,shopstyle.com
2879,bastillepost.com
2880,blogosfera.uol.com.br
2881,porndig.com
2882,news24.com
2883,mxtoolbox.com
2884,kijiji.it
2885,utoronto.ca
2886,kino-teatr.ru
2887,blackhatworld.com
2888,delfi.lt
2889,runoob.com
2890,cuny.edu
2891,officedepot.com
2892,indiarailinfo.com
2893,blobla.com
2894,shahrekhabar.com
2895,peyvandha.ir
2896,google.ee
2897,bom.gov.au
2898,providr.com
2899,ch.com
2900,fifa.com
2901,pons.com
2902,theblaze.com
2903,allmusic.com
2904,lastpass.com
2905,i.ua
2906,verseriesynovelas.tv
2907,jal.co.jp
2908,soompi.com
2909,alaan.org
2910,suruga-ya.jp
2911,cnr.cn
2912,journaldesfemmes.com
2913,akoam.com
2914,androidpolice.com
2915,moddb.com
2916,lajmi.net
2917,creditmutuel.fr
2918,lemall.com
2919,bookingbuddy.com
2920,incometaxindiaefiling.gov.in
2921,indimusic.tv
2922,cityheaven.net
2923,charter.net
2924,blogos.com
2925,santander.com.br
2926,mentalfloss.com
2927,hln.be
2928,sport-express.ru
2929,uservoice.com
2930,tabmemfree.appspot.com
2931,punchng.com
2932,hearthpwn.com
2933,diary.ru
2934,all2lnk.com
2935,betradar.com
2936,elsiglodetorreon.com.mx
2937,upworthy.com
2938,rei.com
2939,fortadpays.com
2940,avenues.info
2941,realitykings.com
2942,arduino.cc
2943,encuentra24.com
2944,vanguard.com
2945,finecobank.com
2946,dickssportinggoods.com
2947,wufoo.com
2948,teamwork.com
2949,ddanzi.com
2950,dinamalar.com
2951,mundosexanuncio.com
2952,sheknows.com
2953,manager.co.th
2954,howtosimplified.com
2955,smbc-card.com
2956,ali213.net
2957,elitetorrent.net
2958,hentaihaven.org
2959,bigcommerce.com
2960,shopbop.com
2961,caffeinamagazine.it
2962,musixmatch.com
2963,filmitorrent.org
2964,univision.com
2965,techrepublic.com
2966,clickbank.com
2967,riotgames.com
2968,lepoint.fr
2969,tomshardware.co.uk
2970,ucsd.edu
2971,divyabhaskar.co.in
2972,mydomainadvisor.com
2973,beingindian.com
2974,extraimago.com
2975,lifehacker.jp
2976,hyperpromote.com
2977,freeones.com
2978,joyreactor.cc
2979,blomaga.jp
2980,h2porn.com
2981,otakukart.com
2982,onelogin.com
2983,opentable.com
2984,webtoons.com
2985,superjob.ru
2986,nordstromrack.com
2987,hihi2.com
2988,proboards.com
2989,alphacoders.com
2990,cibc.com
2991,serebii.net
2992,sbrf.ru
2993,stern.de
2994,almaany.com
2995,moi.gov.sa
2996,clicknupload.link
2997,depositfiles.com
2998,ulta.com
2999,demotywatory.pl
3000,intercambiosvirtuales.org
3001,elbotola.com
3002,rikunabi.com
3003,ilgiornale.it
3004,politicususa.com
3005,dailyfeed.co.uk
3006,mercola.com
3007,nab.com.au
3008,sammobile.com
3009,anidub.com
3010,myasiantv.se
3011,manualslib.com
3012,masralarabia.com
3013,todaypk.cc
3014,ssa.gov
3015,ebc.net.tw
3016,bouyguestelecom.fr
3017,goodhousekeeping.com
3018,shadbase.com
3019,mr-jatt.com
3020,biqle.ru
3021,gtbank.com
3022,hotwire.com
3023,monografias.com
3024,ning.com
3025,bkrs.info
3026,find-travel.jp
3027,periscope.tv
3028,masutabe.info
3029,izvestia.ru
3030,thepiratebay-proxylist.org
3031,everydayhealth.com.tw
3032,projectfreetv.at
3033,www.nhs.uk
3034,korrespondent.net
3035,globaltimes.cn
3036,catracalivre.com.br
3037,newgrounds.com
3038,myclk.net
3039,depfile.com
3040,latam.com
3041,bancomer.com
3042,shitaraba.net
3043,alexa.com
3044,pornohub.su
3045,uloz.to
3046,kotobank.jp
3047,flirchi.com
3048,starzplay.com
3049,szn.cz
3050,els-cdn.com
3051,ustream.tv
3052,akairan.com
3053,12306.cn
3054,privalia.com
3055,esquire.com
3056,citationmachine.net
3057,k12.ca.us
3058,ox.ac.uk
3059,worldcat.org
3060,fleshhole.com
3061,trovi.com
3062,poloniex.com
3063,diariodelweb.it
3064,adscpm.net
3065,tinypng.com
3066,intesasanpaolo.com
3067,skyrock.com
3068,caisse-epargne.fr
3069,capterra.com
3070,ucoz.com
3071,178.com
3072,square-enix.com
3073,hsoub.com
3074,theglobeandmail.com
3075,torrentking.eu
3076,ebay.ie
3077,51job.com
3078,pogo.com
3079,usembassy.gov
3080,cmbchina.com
3081,outlook.com
3082,citibank.com
3083,consumerreports.org
3084,provinet.net
3085,medicinenet.com
3086,tukif.com
3087,bol.com
3088,ingbank.pl
3089,statista.com
3090,ibps.in
3091,e1.ru
3092,aif.ru
3093,collegehumor.com
3094,mylust.com
3095,santanderrio.com.ar
3096,abv.bg
3097,garaanews.com
3098,batmanstream.com
3099,grabon.in
3100,nicesearches.com
3101,proxysite.com
3102,twitcasting.tv
3103,extremetube.com
3104,anz.com
3105,rankingsandreviews.com
3106,geektimes.ru
3107,ecosia.org
3108,clicktripz.com
3109,recyclix.com
3110,daily.co.jp
3111,eleicoes.uol.com.br
3112,etrade.com
3113,pussysaga.com
3114,campaign-archive2.com
3115,thingiverse.com
3116,j.gs
3117,google.com.ni
3118,newsmth.net
3119,extra.com.br
3120,bobfilm1.net
3121,hpe.com
3122,moneysavingexpert.com
3123,dkb.de
3124,akiba-online.com
3125,thrillist.com
3126,mindbodyonline.com
3127,kinja.com
3128,smallseotools.com
3129,vic.gov.au
3130,accenture.com
3131,wetter.de
3132,mailerlite.com
3133,cnki.net
3134,payscale.com
3135,fengniao.com
3136,azure.com
3137,lesnumeriques.com
3138,appannie.com
3139,panoramio.com
3140,eqxiu.com
3141,voonik.com
3142,sketchup.com
3143,media-box.co
3144,jetblue.com
3145,babbel.com
3146,windowscentral.com
3147,tinhte.vn
3148,patrika.com
3149,sony.com
3150,webcrawler.com
3151,caranddriver.com
3152,gruposantander.es
3153,khmerload.com
3154,zapmeta.ws
3155,90tv.ir
3156,baimao.com
3157,gog.com
3158,mic.com
3159,oanda.com
3160,signupgenius.com
3161,tinyurl.com
3162,exist.ru
3163,9to5mac.com
3164,armorgames.com
3165,nttdocomo.co.jp
3166,javatpoint.com
3167,wlp-acs.com
3168,pressroomvip.com
3169,zamzar.com
3170,vecteezy.com
3171,letadnew.com
3172,xvideo-jp.com
3173,kickasstorrents.to
3174,mthai.com
3175,brucelead.com
3176,igli5.com
3177,zum.com
3178,younow.com
3179,raspberrypi.org
3180,zap2it.com
3181,unlimcontentbox.com
3182,jvzoo.com
3183,hidemyass.com
3184,elle.com.tw
3185,hortestoz.com
3186,3djuegos.com
3187,leadpages.net
3188,firestorage.jp
3189,mathsisfun.com
3190,mql5.com
3191,synchronycredit.com
3192,gome.com.cn
3193,bmo.com
3194,javbus.com
3195,ipetgroup.com
3196,vanityfair.com
3197,westernunion.com
3198,oantagonista.com
3199,bartarinha.ir
3200,mercantilbanco.com
3201,campaign-archive1.com
3202,arbeitsagentur.de
3203,johnlewis.com
3204,newsweek.com
3205,parentanswercentre.com
3206,git-scm.com
3207,r18.com
3208,yrdrtzmsmt.com
3209,yale.edu
3210,kmart.com
3211,toluna.com
3212,lankasri.com
3213,pluralsight.com
3214,diarioinenglish.com
3215,99mssj.com
3216,myworkday.com
3217,menshealth.com
3218,hi5.com
3219,tutu.ru
3220,mydealz.de
3221,elintransigente.com
3222,santandernet.com.br
3223,orangeapps.ru
3224,centurylink.com
3225,rawstory.com
3226,a-static.com
3227,rp5.ru
3228,arabseed.com
3229,tankionline.com
3230,kommersant.ru
3231,maturemoms.tv
3232,pornpics.com
3233,watchseries.cr
3234,bestbuy.ca
3235,radaronline.com
3236,theqoo.net
3237,adam4adam.com
3238,thebuzztube.com
3239,gazzetta.gr
3240,promptfile.com
3241,cankaoxiaoxi.com
3242,google.lu
3243,blockchain.info
3244,santabanta.com
3245,booloo.com
3246,addmefast.com
3247,pornerbros.com
3248,meishichina.com
3249,google.com.py
3250,vocabulary.com
3251,gao7.com
3252,cplusplus.com
3253,itv.com
3254,pussyspace.com
3255,onlinekhabar.com
3256,navitime.co.jp
3257,ipko.pl
3258,indiapost.gov.in
3259,lloydsbank.com
3260,tamilgun.us
3261,s-meetmetoday.com
3262,matomeantena.com
3263,ontvtime.ru
3264,alsbbora.com
3265,perfectmoney.is
3266,ismedia.jp
3267,service-public.fr
3268,lockerdome.com
3269,hinet.net
3270,majestic.com
3271,enamad.ir
3272,5dcar.com
3273,casasbahia.com.br
3274,indeed.fr
3275,farpost.ru
3276,glosbe.com
3277,xossip.com
3278,g-fox.cn
3279,newmovie-hd.com
3280,tvefamosos.uol.com.br
3281,pandora.tv
3282,optimum.net
3283,pepperfry.com
3284,leroymerlin.fr
3285,elsiglo.mx
3286,getintopc.com
3287,vivo.sx
3288,nasdaq.com
3289,onelife.eu
3290,ashleymadison.com
3291,incisozluk.com.tr
3292,solvusoft.com
3293,slashdot.org
3294,ixbt.com
3295,shoutmeloud.com
3296,barstoolsports.com
3297,ionicframework.com
3298,limetorrents.cc
3299,cam.ac.uk
3300,wrike.com
3301,maxpreps.com
3302,lichess.org
3303,olx.pt
3304,asu.edu
3305,rusvesna.su
3306,bbt.com
3307,lufthansa.com
3308,hitc.com
3309,jkforum.net
3310,elcorteingles.es
3311,banorte.com
3312,companieshouse.gov.uk
3313,rajasthan.gov.in
3314,symantec.com
3315,20min.ch
3316,mangapark.me
3317,tubegalore.com
3318,santander.com.mx
3319,doctissimo.fr
3320,iltalehti.fi
3321,hsn.com
3322,gramblr.com
3323,homeaway.com
3324,hirufm.lk
3325,news-us.jp
3326,jin115.com
3327,dummies.com
3328,online-life.cc
3329,banco.bradesco
3330,whitehouse.gov
3331,retrip.jp
3332,cheapoair.com
3333,shiftdelete.net
3334,yunpan.cn
3335,forumcommunity.net
3336,voirfilms.co
3337,rabb.it
3338,fssnet.co.in
3339,vivo.com.br
3340,ti.com
3341,royalmail.com
3342,mxttrf.com
3343,bancodevenezuela.com
3344,standardchartered.com
3345,dikaiologitika.gr
3346,mtime.com
3347,sarayanews.com
3348,telekom.de
3349,adorocinema.com
3350,perezhilton.com
3351,tomtop.com
3352,journaldunet.com
3353,bloomingdales.com
3354,trademe.co.nz
3355,tuicool.com
3356,ing-diba.de
3357,khmer-note.com
3358,tableau.com
3359,anetwork.ir
3360,blogspot.com.ng
3361,cyberforum.ru
3362,mabanque.bnpparibas
3363,hgtv.com
3364,chiphell.com
3365,aizhan.com
3366,msi.com
3367,nowvideo.sx
3368,auto.ru
3369,natwest.com
3370,kabum.com.br
3371,worldbank.org
3372,duga.jp
3373,oricon.co.jp
3374,bd24live.com
3375,sport24.gr
3376,popcpm.net
3377,hk01.com
3378,cpanel.net
3379,newrelic.com
3380,emojipedia.org
3381,ligtv.com.tr
3382,boardgamegeek.com
3383,geico.com
3384,asianwiki.com
3385,nsw.gov.au
3386,sabavision.com
3387,pccomponentes.com
3388,logmein.com
3389,laposte.net
3390,nodejs.org
3391,time.ir
3392,pcpartpicker.com
3393,megafon.ru
3394,jobvite.com
3395,olark.com
3396,91mobiles.com
3397,manga-zip.net
3398,timesjobs.com
3399,trafficfactory.biz
3400,btime.com
3401,deccanchronicle.com
3402,masturbate.io
3403,myadvertisingpays.com
3404,grab.com
3405,17k.com
3406,bet-at-home.com
3407,flocktory.com
3408,freshersworld.com
3409,sonhoo.com
3410,eastmoney.com
3411,ford.com
3412,gazetevatan.com
3413,ea3w.com
3414,koplayer.com
3415,shinobi.jp
3416,opendns.com
3417,afip.gob.ar
3418,fullhdfilmizlesene.org
3419,osxdaily.com
3420,blackberry.com
3421,iesh9ni.bid
3422,theknot.com
3423,dr.dk
3424,sbs.co.kr
3425,arte.tv
3426,eleicoes2016.com.br
3427,pagalworld.co
3428,zdf.de
3429,bungie.net
3430,main.jp
3431,public-api.wordpress.com
3432,tikona.in
3433,popularmechanics.com
3434,fontsquirrel.com
3435,passportindia.gov.in
3436,tv.com
3437,darty.com
3438,sendpulse.com
3439,google.tt
3440,filmesonlinegratis.net
3441,mango.com
3442,bootsnipp.com
3443,stuff.co.nz
3444,macmillandictionary.com
3445,mercadopago.com
3446,colorado.edu
3447,wallpaperscraft.com
3448,tinyz.in
3449,teamliquid.net
3450,sf-express.com
3451,caliente.mx
3452,slrclub.com
3453,origo.hu
3454,camgasm.com
3455,virustotal.com
3456,opencart.com
3457,liberation.fr
3458,pathofexile.com
3459,ozee.com
3460,myegy.to
3461,kataweb.it
3462,ethz.ch
3463,nalog.ru
3464,mg.gov.br
3465,eltiempo.es
3466,google.com.qa
3467,mizuhobank.co.jp
3468,tradeindia.com
3469,cox.com
3470,filefactory.com
3471,tripadvisor.jp
3472,traffichaus.com
3473,bsnl.co.in
3474,ufl.edu
3475,listindiario.com
3476,dhs.gov
3477,mcgraw-hill.com
3478,mylucky123.com
3479,scientificamerican.com
3480,lofter.com
3481,tcs.com
3482,liansuo.com
3483,qoo10.sg
3484,searchlock.com
3485,naviance.com
3486,proprofs.com
3487,footlocker.com
3488,snapchat.com
3489,lolking.net
3490,realtimepolitics.com
3491,newsportal.bid
3492,beatport.com
3493,serialssolutions.com
3494,pcspeeduppro.net
3495,quadrinhoseroticos.net
3496,coinmill.com
3497,sci-hub.cc
3498,presslogic.com
3499,sofascore.com
3500,ferret-plus.com
3501,osdn.jp
3502,draftkings.com
3503,sarshomari95.ir
3504,slimcdn.com
3505,banquepopulaire.fr
3506,lianjia.com
3507,ocn.ne.jp
3508,seek.com.au
3509,infourok.ru
3510,trade.tmall.com
3511,kaiserpermanente.org
3512,crowdfireapp.com
3513,band.us
3514,wonderhowto.com
3515,almubasher.com.sa
3516,lagou.com
3517,dinodirect.com
3518,at.ua
3519,gismeteo.ua
3520,entekhab.ir
3521,kolesa.kz
3522,irib.ir
3523,elle.com
3524,plala.or.jp
3525,yle.fi
3526,uproxx.com
3527,comenity.net
3528,imgsrc.ru
3529,wechat.com
3530,spring.io
3531,transfermarkt.de
3532,intellicast.com
3533,mackolik.com
3534,sciencemag.org
3535,uidai.net.in
3536,airbnb.fr
3537,movierulz.ac
3538,desiserials.tv
3539,uchicago.edu
3540,netpnb.com
3541,marketgid.com
3542,secondlife.com
3543,hqhole.com
3544,kxcdn.com
3545,walla.co.il
3546,csspotlight.com
3547,lidl.de
3548,tampermonkey.net
3549,fontspace.com
3550,join.me
3551,wwwpromoter.com
3552,mojang.com
3553,mbtrx.com
3554,elespectador.com
3555,tfl.gov.uk
3556,icbc.com.cn
3557,ilmessaggero.it
3558,jpn.org
3559,sakura.ad.jp
3560,bbvanet.com.mx
3561,downloadha.com
3562,linktender.net
3563,dzone.com
3564,pps.tv
3565,acm.org
3566,autoblog.com
3567,facetz.net
3568,redbox.com
3569,admob.com
3570,animaljam.com
3571,xb11766.com
3572,webteb.com
3573,ntv.com.tr
3574,ucoz.ua
3575,logsoku.com
3576,retty.me
3577,vodafone.it
3578,safaribooksonline.com
3579,boxofficemojo.com
3580,ccb.com.cn
3581,plusnetwork.com
3582,meneame.net
3583,aftership.com
3584,kinokong.net
3585,anipo.jp
3586,mudah.my
3587,list-manage1.com
3588,huffingtonpost.co.uk
3589,iptorrents.com
3590,dy2018.com
3591,genial.guru
3592,playpark.com
3593,funshopfun.com
3594,jerkvilla.com
3595,campograndenews.com.br
3596,podio.com
3597,pornbb.org
3598,2ch.hk
3599,unc.edu
3600,tn.com.ar
3601,animeyt.tv
3602,comdirect.de
3603,hollywoodlife.com
3604,your-surveys.com
3605,miomio.tv
3606,cyol.com
3607,ebrun.com
3608,ubc.ca
3609,blick.ch
3610,comicbook.com
3611,jwplayer.com
3612,uwants.com
3613,rt.ru
3614,povarenok.ru
3615,fotocasa.es
3616,mytorrentzsearch.com
3617,vodafone.de
3618,thegioinoithat.com
3619,malwarebytes.com
3620,ucdavis.edu
3621,mercadolibre.cl
3622,ganji.com
3623,javhd.com
3624,wapka.me
3625,unrealengine.com
3626,googlegroups.com
3627,splix.io
3628,hatelabo.jp
3629,watchmygf.net
3630,yaraon-blog.com
3631,mapsofindia.com
3632,torrentino.me
3633,archdaily.com
3634,trkdmn1.xyz
3635,redbull.com
3636,navyfederal.org
3637,hizliresim.com
3638,rutgers.edu
3639,sheypoor.com
3640,garena.com
3641,zoominfo.com
3642,raiplay.it
3643,hipchat.com
3644,nyc.gov
3645,zezoomglobal.com
3646,macworld.com
3647,themuse.com
3648,greenwoodformula.com
3649,filmon.com
3650,probiller.com
3651,2chblog.jp
3652,blogmura.com
3653,jiji.com
3654,wolfram.com
3655,tripadvisor.ru
3656,google.com.cy
3657,liftable.com
3658,takealot.com
3659,rojadirecta.me
3660,dealabs.com
3661,exe.bid
3662,iza.ne.jp
3663,zoosk.com
3664,phoenixads.co.in
3665,symbaloo.com
3666,tineye.com
3667,sat.gob.mx
3668,heroku.com
3669,naijaloaded.com.ng
3670,skybet.com
3671,neimanmarcus.com
3672,le360.ma
3673,trenitalia.com
3674,movistar.es
3675,ngs.ru
3676,yesimright.com
3677,telecinco.es
3678,createspace.com
3679,7889832.com
3680,say-move.org
3681,zbij.net
3682,adimmix.com
3683,wizzair.com
3684,pudelek.pl
3685,keywordblocks.com
3686,usda.gov
3687,bostonglobe.com
3688,tamu.edu
3689,anandabazar.com
3690,watchseries-online.se
3691,blog.hu
3692,oasgames.com
3693,hdblog.it
3694,cardekho.com
3695,mastercard.com.au
3696,hipertextual.com
3697,searchmgr.com
3698,exlibrisgroup.com
3699,itorrents.org
3700,regions.com
3701,wizards.com
3702,arabplayboys.com
3703,gottabemobile.com
3704,ss.lv
3705,99114.com
3706,himasoku.com
3707,trafficshop.com
3708,groupme.com
3709,turbo.az
3710,acer.com
3711,nwolb.com
3712,thumbzilla.com
3713,epfoservices.in
3714,bzw315.com
3715,khan.co.kr
3716,einthusan.com
3717,thewindowsclub.com
3718,schoolloop.com
3719,overdrive.com
3720,qatarliving.com
3721,vidyomani.tv
3722,interpals.net
3723,greenhouse.io
3724,cimbclicks.com.my
3725,lefrecce.it
3726,etoro.com
3727,iltasanomat.fi
3728,animenewsnetwork.com
3729,vagas.com.br
3730,tune.pk
3731,usp.br
3732,jutarnji.hr
3733,hypebeast.com
3734,storypick.com
3735,woman.ru
3736,ttmeiju.com
3737,osym.gov.tr
3738,vonvon.me
3739,saraiva.com.br
3740,alfabank.ru
3741,guokr.com
3742,desire2learn.com
3743,gasengi.com
3744,google.mg
3745,experts-exchange.com
3746,blackdoctor.org
3747,dealmoon.com
3748,sastasundar.com
3749,petapixel.com
3750,elsalvador.com
3751,tesla.com
3752,cumlouder.com
3753,sbi.co.in
3754,bankbazaar.com
3755,locaweb.com.br
3756,televisa.com
3757,babyblog.ru
3758,mintmanga.com
3759,wellhello.com
3760,deloitte.com
3761,ultipro.com
3762,sjtu.edu.cn
3763,bigpoint.com
3764,about.me
3765,imgflip.com
3766,tzarmedia.com
3767,twipple.jp
3768,bola.com
3769,surveygizmo.com
3770,ae.com
3771,peopleperhour.com
3772,zoznam.sk
3773,globalsources.com
3774,getchu.com
3775,sidecubes.com
3776,commonapp.org
3777,bancoestado.cl
3778,getmyads24.com
3779,deadline.com
3780,maalaimalar.com
3781,boldsky.com
3782,recruit.co.jp
3783,lancers.jp
3784,tvp.pl
3785,cera.online
3786,sport1.de
3787,pconline.com.cn
3788,couchtuner.red
3789,stream2watch.cc
3790,adscale.de
3791,10010.com
3792,papajohns.com
3793,carmencitta.me
3794,webry.info
3795,mediamarkt.es
3796,viralmobistore.com
3797,jotform.com
3798,tripadvisor.com.br
3799,qyer.com
3800,iemo.jp
3801,mensfitness.com
3802,televisionfanatic.com
3803,bankia.es
3804,donaldjtrump.com
3805,pornsharing.com
3806,strawpoll.me
3807,bu.edu
3808,elespanol.com
3809,redmp3.su
3810,roasted.com
3811,tre.it
3812,lunapic.com
3813,monsterindia.com
3814,memrise.com
3815,login.tmall.com
3816,hola.com
3817,qunar.com
3818,vivanuncios.com.mx
3819,trivago.com
3820,ku6.com
3821,yhd.com
3822,justjared.com
3823,po.st
3824,tgju.org
3825,ipeen.com.tw
3826,sport-fm.gr
3827,elzmannews.com
3828,dizibox.com
3829,tbs.co.jp
3830,transaccionesbancolombia.com
3831,indiewire.com
3832,cinemalek.com
3833,ouest-france.fr
3834,myscore.ru
3835,decolar.com
3836,vogue.com.tw
3837,bigbasket.com
3838,magazineluiza.com.br
3839,saisoncard.co.jp
3840,cumhuriyet.com.tr
3841,tenforums.com
3842,indishare.me
3843,000webhost.com
3844,putlocker.live
3845,cloudapp.net
3846,fujitsu.com
3847,rssing.com
3848,direct.gov.uk
3849,telerik.com
3850,channel4.com
3851,fullmobilemovie.com
3852,yourlust.com
3853,lazada.vn
3854,wikiwiki.jp
3855,incruit.com
3856,banglanews24.com
3857,dunyanews.tv
3858,wikidot.com
3859,lotour.com
3860,xonline.vip
3861,bet365.it
3862,saksfifthavenue.com
3863,manyvids.com
3864,fullprogramlarindir.com
3865,7k7k.com
3866,gq.com
3867,swiki.jp
3868,cybozulive.com
3869,hellogiggles.com
3870,verywell.com
3871,krone.at
3872,feebee.com.tw
3873,bigfishgames.com
3874,ulogin.ru
3875,clickppcbuzz.com
3876,oriflame.com
3877,vietnamnet.vn
3878,directadvert.ru
3879,viva.co.id
3880,bandsintown.com
3881,bet9ja.com
3882,nii.ac.jp
3883,itesm.mx
3884,tvb.com
3885,ncore.cc
3886,webmasterplan.com
3887,streamcomplet.com
3888,viptube.com
3889,healthgrades.com
3890,csod.com
3891,spokeo.com
3892,ad4game.com
3893,serviporno.com
3894,07073.com
3895,hepsibahis187.com
3896,fakt.pl
3897,fao.org
3898,foundationapi.com
3899,cloob.com
3900,robinwidget.com
3901,boohoo.com
3902,russia.tv
3903,svyaznoy.ru
3904,kohsantepheapdaily.com.kh
3905,miaopai.com
3906,linkis.com
3907,archlinux.org
3908,songkick.com
3909,adfoc.us
3910,fixya.com
3911,level3.com
3912,ziprecruiter.com
3913,angular.io
3914,xhamsterlive.com
3915,appbank.net
3916,with2.net
3917,mint.com
3918,airbnb.co.uk
3919,euronews.com
3920,studfiles.ru
3921,expressen.se
3922,tamilwin.com
3923,mobikwik.com
3924,blogphongthuy.com
3925,admitad.com
3926,usgs.gov
3927,flightaware.com
3928,golem.de
3929,minutouno.com
3930,oyorooms.com
3931,net-a-porter.com
3932,techwalla.com
3933,alphaporno.com
3934,ilovepdf.com
3935,webgozar.com
3936,home.pl
3937,abebooks.com
3938,price.com.hk
3939,pornolaba.com
3940,namethatporn.com
3941,ameritrade.com
3942,bobaedream.co.kr
3943,boston.com
3944,ogone.com
3945,memurlar.net
3946,alitrip.com
3947,quizzstar.com
3948,hani.co.kr
3949,elperiodico.com
3950,sidereel.com
3951,nextdirect.com
3952,3movs.com
3953,rstyle.me
3954,sc.com
3955,ticketmonster.co.kr
3956,dafiti.com.br
3957,bloggersarena.com
3958,espnfc.us
3959,topuniversities.com
3960,westpac.com.au
3961,metrotvnews.com
3962,freemake.com
3963,minube.com
3964,wikimapia.org
3965,smartprix.com
3966,divxtotal.com
3967,znds.com
3968,workable.com
3969,mysurvey.com
3970,the-star.co.ke
3971,juegos.com
3972,gamestar.de
3973,tamilyogi.cc
3974,zarinpal.com
3975,xdf.cn
3976,turkishairlines.com
3977,mystartsearch.com
3978,vista.ir
3979,indexmovie.xyz
3980,buyma.com
3981,france24.com
3982,itslearning.com
3983,iceporn.com
3984,blesk.cz
3985,techsmith.com
3986,anthropologie.com
3987,jawharafm.net
3988,1000mg.jp
3989,fanpage.it
3990,feedjit.com
3991,cnnindonesia.com
3992,thenewslens.com
3993,hosyusokuhou.jp
3994,uci.edu
3995,ssc.nic.in
3996,putlocker.ac
3997,newsit.gr
3998,citruspay.com
3999,cont.ws
4000,therichest.com
4001,promocodeclub.com
4002,airdroid.com
4003,dl-xvideos.com
4004,eurosport.com
4005,realsimple.com
4006,iefimerida.gr
4007,razerzone.com
4008,pichunter.com
4009,tweakers.net
4010,iloveoldschoolmusic.com
4011,finviz.com
4012,echoroukonline.com
4013,google.hn
4014,vulture.com
4015,sharethis.com
4016,www.gob.mx
4017,probuilds.net
4018,klm.com
4019,gentside.com
4020,thefappening.so
4021,cuevana2.tv
4022,glaz.tv
4023,centos.org
4024,kakprosto.ru
4025,shatel.ir
4026,check24.de
4027,tredman.com
4028,chsi.com.cn
4029,businessdictionary.com
4030,foxporns.com
4031,dntrx.com
4032,mediotiempo.com
4033,farfesh.com
4034,tap.az
4035,zwaar.net
4036,argaam.com
4037,soy502.com
4038,finanzen.net
4039,doc88.com
4040,ikman.lk
4041,adobeconnect.com
4042,provincial.com
4043,bitrix24.com
4044,3bmeteo.com
4045,hujiang.com
4046,vibbo.com
4047,cima4up.com
4048,espnfc.com
4049,gamy.jp
4050,ojooo.com
4051,ahram.org.eg
4052,twirpx.com
4053,netvibes.com
4054,planetminecraft.com
4055,formula1.com
4056,harpersbazaar.com
4057,ldlc.com
4058,washingtontimes.com
4059,netgear.com
4060,rzd.ru
4061,gfxtrra.com
4062,marmiton.org
4063,ideacellular.com
4064,enstage.com
4065,xvideos-field5.com
4066,advertisercommunity.com
4067,tamilrockers.la
4068,lowyat.net
4069,anime-sharing.com
4070,support.wordpress.com
4071,rueducommerce.fr
4072,realtor.ca
4073,debian.org
4074,cnyes.com
4075,nullrefer.com
4076,dl-zip.com
4077,lacasadelcurioso.com
4078,house365.com
4079,epicurious.com
4080,worldpay.com
4081,10086.cn
4082,fs.to
4083,esportsreplay.com
4084,ebaumsworld.com
4085,tumangaonline.com
4086,kbs.co.kr
4087,ilpost.it
4088,jhu.edu
4089,geo.tv
4090,rapidtables.com
4091,famousbirthdays.com
4092,ceconline.com
4093,nguoiduatin.vn
4094,symplicity.com
4095,megogo.net
4096,bittorrent.com
4097,jst.go.jp
4098,laredoute.fr
4099,konbini.com
4100,adriver.ru
4101,michaels.com
4102,warriorplus.com
4103,dardarkom.com
4104,panasonic.com
4105,activehosted.com
4106,hdfilmcehennemi.com
4107,dongtaiwang.com
4108,theporndude.com
4109,coinmarketcap.com
4110,ipsosinteractive.com
4111,elo7.com.br
4112,box.net
4113,digit.in
4114,alza.cz
4115,1and1.es
4116,webofknowledge.com
4117,moretify.com
4118,theadvocate.com
4119,bitcointalk.org
4120,duke.edu
4121,bwin.com
4122,fmkorea.com
4123,highsnobiety.com
4124,mover.uz
4125,censor.net.ua
4126,autoscout24.it
4127,betweendigital.com
4128,jetstar.com
4129,centrum24.pl
4130,8981289.com
4131,smbc.co.jp
4132,btcclicks.com
4133,apartments.com
4134,ahlmisr.com
4135,ria.com
4136,dobreprogramy.pl
4137,sanspo.com
4138,mosaiquefm.net
4139,inbox.lv
4140,simple2date.com
4141,bollywoodlife.com
4142,ads.gold
4143,agenziaentrate.gov.it
4144,hsbc.com.mx
4145,dongtw.com
4146,libertaddigital.com
4147,sensacine.com
4148,thestreet.com
4149,mongodb.com
4150,gamespark.jp
4151,csgolounge.com
4152,runetki.com
4153,playgroundmag.net
4154,advertserve.com
4155,torrent9.ws
4156,imvu.com
4157,laptopmag.com
4158,wikiquote.org
4159,share-online.biz
4160,tvmuse.com
4161,delfi.lv
4162,mamaclub.com
4163,mysynchrony.com
4164,litres.ru
4165,netbk.co.jp
4166,read01.com
4167,utarget.ru
4168,fantagazzetta.com
4169,kurir.rs
4170,redsys.es
4171,gnu.org
4172,elfinanciero.com.mx
4173,steamgifts.com
4174,ofpof.com
4175,torrentfunk.com
4176,playoverwatch.com
4177,marksandspencer.com
4178,theage.com.au
4179,ifilez.org
4180,shareae.com
4181,vlive.tv
4182,cgpersia.com
4183,xitek.com
4184,dominos.co.in
4185,tureng.com
4186,irpopup.ir
4187,nos.nl
4188,gta5-mods.com
4189,hi.ru
4190,monotaro.com
4191,ppy.sh
4192,eurogamer.net
4193,fbdown.net
4194,lexilogos.com
4195,goindigo.in
4196,elitedaily.com
4197,launchpad.net
4198,tusfiles.net
4199,groupon.it
4200,gocomics.com
4201,telstra.com.au
4202,aktuality.sk
4203,idbibank.co.in
4204,walmart.ca
4205,aptexof.ru
4206,fanpop.com
4207,cafebazaar.ir
4208,magento.com
4209,wine-searcher.com
4210,larepublica.pe
4211,futbol24.com
4212,pcgames.com.cn
4213,lifehacklane.com
4214,stargames.com
4215,footyroom.com
4216,researchnow.com
4217,natalie.mu
4218,japannetbank.co.jp
4219,3dnews.ru
4220,blinkx.com
4221,ekstrabladet.dk
4222,mag2.com
4223,alquds.co.uk
4224,texas.gov
4225,pelisplus.tv
4226,viator.com
4227,biography.com
4228,irna.ir
4229,o2online.de
4230,adyen.com
4231,movizland.com
4232,jooy.jp
4233,downloadhelper.net
4234,docomo.ne.jp
4235,gatech.edu
4236,creativecommons.org
4237,mitbbs.com
4238,wetalk.tw
4239,socialtrade.biz
4240,bleepingcomputer.com
4241,pracuj.pl
4242,mp3goo.com
4243,onlainfilm.ucoz.ua
4244,loteriasyapuestas.es
4245,plotek.pl
4246,crowdflower.com
4247,freenom.com
4248,imlive.com
4249,dailyuploads.net
4250,acttv.in
4251,animeid.tv
4252,bazos.sk
4253,calameo.com
4254,carsensor.net
4255,virginia.edu
4256,javhihi.com
4257,csgohighlight.com
4258,wallpaperswide.com
4259,corrieredellosport.it
4260,etnet.com.hk
4261,99designs.com
4262,tds-pro.net
4263,tpsl-india.in
4264,t-nation.com
4265,maybeyouwin.website
4266,cdrjblrhsuxljwesjholugzxwukkerpobmonocjygnautvzjjm.com
4267,sporcle.com
4268,interfax.ru
4269,sciencealert.com
4270,ynepb.gov.cn
4271,livesport34.com
4272,adyieldoptimizer.com
4273,showroomprive.com
4274,hudl.com
4275,nationwide.co.uk
4276,oi.com.br
4277,amazon.com.br
4278,starcraftreplay.com
4279,asos.fr
4280,proceso.com.mx
4281,vslovetv.com
4282,buenastareas.com
4283,vatanbilgisayar.com
4284,rio2016.com
4285,national-lottery.co.uk
4286,freecodecamp.com
4287,kodi.tv
4288,soha.vn
4289,vip.com
4290,mediawallbox.com
4291,kodhit.com
4292,nts.org.pk
4293,htc.com
4294,icio.us
4295,zynga.com
4296,goldunionmobi.com
4297,warriorforum.com
4298,xl.pt
4299,mkyong.com
4300,esportlive.eu
4301,countryliving.com
4302,fdj.fr
4303,businesswire.com
4304,angieslist.com
4305,dnevnik.ru
4306,nps.gov
4307,enjin.com
4308,usg.edu
4309,all.biz
4310,eater.com
4311,arabictorrent.net
4312,hatenadiary.jp
4313,stockcharts.com
4314,pop-music.ir
4315,javhub.net
4316,cineulagam.com
4317,ecuavisa.com
4318,rincondelvago.com
4319,skyscanner.com
4320,germany.ru
4321,7889573.com
4322,pcstore.com.tw
4323,takhfifan.com
4324,tripadvisor.de
4325,dmkt-sp.jp
4326,virtualbox.org
4327,huffingtonpost.es
4328,cifraclub.com.br
4329,rakuten-sec.co.jp
4330,gamingwonderland.com
4331,fobshanghai.com
4332,sherdog.com
4333,sellfy.com
4334,atom.io
4335,footmercato.net
4336,arizona.edu
4337,kompass.com
4338,fastspring.com
4339,powvideo.net
4340,proquest.com
4341,stihi.ru
4342,apartmenttherapy.com
4343,bigmir.net
4344,collinsdictionary.com
4345,ifanr.com
4346,traffic-media.co
4347,kuku.lu
4348,pictaram.com
4349,collabserv.com
4350,audiojungle.net
4351,commonhealth.com.tw
4352,casadellibro.com
4353,websta.me
4354,onlinemultfilmy.ru
4355,natemat.pl
4356,o2tvseries.com
4357,prizegrab.com
4358,supaads.com
4359,mercadolibre.com.pe
4360,tryboobs.com
4361,litv.tv
4362,northwestern.edu
4363,dlsite.com
4364,dailystar.co.uk
4365,gayboystube.com
4366,freepdfconvert.com
4367,afisha.ru
4368,dsw.com
4369,grubhub.com
4370,yam.com
4371,labaq.com
4372,jxnews.com.cn
4373,bigbangnews.com
4374,bpi.ir
4375,u-tokyo.ac.jp
4376,craftsvilla.com
4377,livelib.ru
4378,news247.gr
4379,traveloka.com
4380,everydayhealth.com
4381,canalblog.com
4382,vmall.com
4383,frandroid.com
4384,windowsazure.com
4385,finalfantasyxiv.com
4386,perfil.com
4387,yan.vn
4388,adsmena.com
4389,mappy.com
4390,poe.trade
4391,haikulearning.com
4392,thenounproject.com
4393,linode.com
4394,mediametrics.ru
4395,mt.co.kr
4396,nutaku.net
4397,alrakoba.net
4398,cloudinary.com
4399,freshbooks.com
4400,ivoox.com
4401,juntadeandalucia.es
4402,ntu.edu.tw
4403,baomoi.com
4404,letzonke.com
4405,b92.net
4406,addictinggames.com
4407,kat.al
4408,expatriates.com
4409,36kr.com
4410,light-dark.net
4411,sli.mg
4412,car.gr
4413,piazza.com
4414,ragestream.com
4415,7113879.com
4416,lolnexus.com
4417,marinetraffic.com
4418,ncsu.edu
4419,immowelt.de
4420,toranoana.jp
4421,thairath.co.th
4422,subdivx.com
4423,piroga.space
4424,wa.gov
4425,dota2.ru
4426,dawanda.com
4427,thestar.com
4428,media-fire.org
4429,easy2date.net
4430,scottrade.com
4431,hvg.hu
4432,hqporner.com
4433,publico.es
4434,oxu.az
4435,jqueryui.com
4436,beritasatu.com
4437,swedbank.se
4438,denizhaber.com.tr
4439,ameli.fr
4440,iplayer.fm
4441,huomao.com
4442,classdojo.com
4443,woorank.com
4444,mylucky.club
4445,thestorypedia.com
4446,dorkly.com
4447,washwasha.org
4448,rummycircle.com
4449,filmifullizle.org
4450,centrum.cz
4451,saturn.de
4452,financialexpress.com
4453,videoblocks.com
4454,siriusxm.com
4455,laughy.jp
4456,xueqiu.com
4457,livecareer.com
4458,c-sharpcorner.com
4459,russianfood.com
4460,tomtom.com
4461,computerbase.de
4462,huffingtonpost.kr
4463,burusoku-vip.com
4464,sinembargo.mx
4465,1001freefonts.com
4466,fullmatchesandshows.com
4467,bigstockphoto.com
4468,privat24.ua
4469,ooreka.fr
4470,dilidili.com
4471,listenonrepeat.com
4472,rabobank.nl
4473,aa.com.tr
4474,patient.info
4475,seriouseats.com
4476,miniinthebox.com
4477,huffingtonpost.ca
4478,frys.com
4479,nickiswift.com
4480,homes.com
4481,mismarcadores.com
4482,sagawa-exp.co.jp
4483,poshmark.com
4484,seosprint.net
4485,spotlight-media.jp
4486,torrent-games.net
4487,inps.it
4488,prevention.com
4489,tvnewtab.com
4490,androidfilehost.com
4491,standard.co.uk
4492,pluto.tv
4493,waveapps.com
4494,tuttosport.com
4495,pagesix.com
4496,zbj.com
4497,freenet.de
4498,lipsum.com
4499,ctvnews.ca
4500,shaanig.org
4501,enotes.com
4502,up.nic.in
4503,askcom.me
4504,porndoe.com
4505,next.co.uk
4506,imgdream.net
4507,sweetwater.com
4508,furaffinity.net
4509,mofosex.com
4510,pornoxo.com
4511,tlen.pl
4512,vikatan.com
4513,elblog.com
4514,aristeguinoticias.com
4515,backchina.com
4516,yes24.com
4517,moonwalk.cc
4518,eventbrite.co.uk
4519,studentdoctor.net
4520,creaders.net
4521,coinbase.com
4522,qianzhan.com
4523,bbcgoodfood.com
4524,tcafe1.com
4525,va.gov
4526,motherjones.com
4527,pku.edu.cn
4528,jobsdb.com
4529,yahoo-mbga.jp
4530,dbs.com.sg
4531,alfavita.gr
4532,jofogas.hu
4533,packtpub.com
4534,anandtech.com
4535,gry-online.pl
4536,jamnews.ir
4537,diaforetiko.gr
4538,meizu.com
4539,cybersource.com
4540,miamiherald.com
4541,kanald.com.tr
4542,nzherald.co.nz
4543,premiumgamepro.com
4544,hattrick.org
4545,mediaite.com
4546,education.com
4547,ck12.org
4548,livescores.com
4549,anige-sokuhouvip.com
4550,google.co.mz
4551,ems.com.cn
4552,couponraja.in
4553,iconarchive.com
4554,kulichki.net
4555,pretty52.com
4556,flvto.biz
4557,sdpnoticias.com
4558,openoffice.org
4559,google.sn
4560,pizzahut.com
4561,harvestapp.com
4562,culturacolectiva.com
4563,flashscore.pl
4564,jandan.net
4565,aviasales.ru
4566,sib.im
4567,military38.com
4568,uspto.gov
4569,jiemian.com
4570,google.ge
4571,rs-online.com
4572,amung.us
4573,wrapbootstrap.com
4574,boingboing.net
4575,zimbra.free.fr
4576,avmo.pw
4577,lavozdegalicia.es
4578,khaosod.co.th
4579,weibo.cn
4580,optimizely.com
4581,sublimetext.com
4582,axs.com
4583,arablionz.tv
4584,samlib.ru
4585,alarab.com
4586,altadefinizione01.co
4587,adstimer.com
4588,philly.com
4589,scielo.br
4590,terapeak.com
4591,digiato.com
4592,calculator.net
4593,makepolo.com
4594,gumroad.com
4595,horriblesubs.info
4596,onenote.com
4597,mery.jp
4598,senmanga.com
4599,zalukaj.com
4600,coocan.jp
4601,unblocked.live
4602,pcgames-download.net
4603,stoiximan.gr
4604,webgains.com
4605,liverpool.com.mx
4606,tiexue.net
4607,pptv.com
4608,pc6.com
4609,hometalk.com
4610,icicidirect.com
4611,mydirtyhobby.com
4612,yu0123456.com
4613,banamex.com.mx
4614,acesso.uol.com.br
4615,trafficholder.com
4616,fararu.com
4617,partycity.com
4618,coupondunia.in
4619,5giay.vn
4620,lomadee.com
4621,brother.com
4622,babylon.com
4623,lolskill.net
4624,mobile.ir
4625,potterybarn.com
4626,creditonebank.com
4627,ijr.com
4628,asia2tv.com
4629,thetrainline.com
4630,digitalspy.com
4631,vg247.com
4632,skynewsarabia.com
4633,thetoptens.com
4634,abnamro.nl
4635,thegatewaypundit.com
4636,pulse.ng
4637,egloos.com
4638,16888.com
4639,gsu.edu
4640,wemakeprice.com
4641,leroymerlin.ru
4642,tsinghua.edu.cn
4643,totalsportek.com
4644,addic7ed.com
4645,thumbtack.com
4646,dailydot.com
4647,dev-point.com
4648,nick.com
4649,loveread.ec
4650,bttiantang.com
4651,ithome.com
4652,firefoxchina.cn
4653,moviepilot.com
4654,wimp.com
4655,namnak.com
4656,fark.com
4657,osu.edu
4658,kahoot.it
4659,ecnavi.jp
4660,familysearch.org
4661,thesportstream.com
4662,hangseng.com
4663,cas.sk
4664,authorize.net
4665,800hr.com
4666,securemacfix.com
4667,looper.com
4668,yapo.cl
4669,seneweb.com
4670,straitstimes.com
4671,theonion.com
4672,soft112.com
4673,xamarin.com
4674,mlsmatrix.com
4675,hapitas.jp
4676,dondamedia.com
4677,malwarebytes.org
4678,bhg.com
4679,trustedmaccleaner.com
4680,mercadolivre.com
4681,nationalrail.co.uk
4682,wantedly.com
4683,afpbb.com
4684,openstreetmap.org
4685,banki.ru
4686,airbnb.it
4687,storify.com
4688,secretsdujeu.com
4689,filmey.tv
4690,gamerch.com
4691,livingsocial.com
4692,ucweb.com
4693,easypdfcombine.com
4694,befunky.com
4695,onlinecontentads.com
4696,scotch.io
4697,imooc.com
4698,locanto.in
4699,hqtube.xxx
4700,deepmuff.com
4701,pdfonline.com
4702,domain.com.au
4703,space.com
4704,tmall.hk
4705,hamyarwp.com
4706,oyunskor.com
4707,mci.ir
4708,aesoponline.com
4709,pulzo.com
4710,hardware.fr
4711,eurosport.ru
4712,hotelscombined.com
4713,fas.li
4714,surrenderat20.net
4715,cosme.net
4716,asiae.co.kr
4717,canon.com
4718,apugod.work
4719,mazika2day.com
4720,fucktonite.com
4721,telecomitalia.it
4722,spaste.com
4723,infoq.com
4724,morningstar.com
4725,donmai.us
4726,battlenet.com.cn
4727,infinitecampus.org
4728,dealnews.com
4729,nseindia.com
4730,valueadservices.com
4731,cathaypacific.com
4732,pinggu.org
4733,mygully.com
4734,iol.pt
4735,tuoitre.vn
4736,cashvideotube.com
4737,slader.com
4738,buyhatke.com
4739,aktualne.cz
4740,tarafdari.com
4741,fragrantica.com
4742,web.tv
4743,explainidentifycoding.info
4744,vidtomp3.com
4745,photo-ac.com
4746,yifymovie.re
4747,2nn.jp
4748,kolalwatn.net
4749,cams.com
4750,mhlw.go.jp
4751,searchrally.com
4752,definicion.de
4753,trafficular.com
4754,browsesafemac.com
4755,j-cast.com
4756,statefarm.com
4757,techspot.com
4758,americasfreedomfighters.com
4759,chinabyte.com
4760,rsc.org
4761,javynow.com
4762,health.com
4763,pocket-lint.com
4764,stickyday.com
4765,seemorgh.com
4766,mangatown.com
4767,topito.com
4768,tvrain.ru
4769,geekbuying.com
4770,frtyd.com
4771,eol.cn
4772,digikey.com
4773,flippa.com
4774,tvboxnow.com
4775,8tracks.com
4776,koimoi.com
4777,pearson.com
4778,demonoid.pw
4779,walkerplus.com
4780,clickbank.net
4781,benchmark.pl
4782,pwwysydh.com
4783,mk.co.kr
4784,labnol.org
4785,fb.com
4786,youtube2mp3.cc
4787,comdiscovery.com
4788,lan.com
4789,pushengage.com
4790,mlive.com
4791,tvline.com
4792,hyatt.com
4793,abcya.com
4794,scambioetico.org
4795,njuskalo.hr
4796,tv-tokyo.co.jp
4797,bookdepository.com
4798,draxe.com
4799,ponparemall.com
4800,ravelry.com
4801,gouv.qc.ca
4802,stirileprotv.ro
4803,wallpapercave.com
4804,couponfollow.com
4805,vix.com
4806,fasttech.com
4807,cashcapitalsystem.com
4808,tubedupe.com
4809,distractify.com
4810,fromslowmactofastmac.com
4811,pontofrio.com.br
4812,independent.ie
4813,athome.co.jp
4814,meinestadt.de
4815,medu.ir
4816,24sata.hr
4817,aufeminin.com
4818,121ware.com
4819,ebc.com.br
4820,tonarinoyj.jp
4821,kinoclips.net
4822,techtimes.com
4823,webmotors.com.br
4824,parenting.com.tw
4825,freedownloadmanager.org
4826,dawnnews.tv
4827,maccleanersecurity.com
4828,olke.az
4829,casinospin365.com
4830,semana.com
4831,mckinsey.com
4832,futurelearn.com
4833,elvenar.com
4834,top4top.net
4835,newatlas.com
4836,myworkdayjobs.com
4837,gq.com.tw
4838,usajobs.gov
4839,whatculture.com
4840,qudong.com
4841,wankr.com.cn
4842,iteye.com
4843,dx-torrente.com
4844,googlesyndication.com
4845,girlsaskguys.com
4846,underarmour.com
4847,loc.gov
4848,currys.co.uk
4849,elastic.co
4850,laprensagrafica.com
4851,aladin.co.kr
4852,liepin.com
4853,jeevansathi.com
4854,nairabet.com
4855,topshop.com
4856,kinogb.net
4857,gov.kz
4858,justanswer.com
4859,advancedpccare.net
4860,obdesign.com.tw
4861,sky.de
4862,tradownload.com
4863,confirmit.com
4864,nerdwallet.com
4865,media.wix.com
4866,cerpen.co.id
4867,bankersadda.com
4868,ibnlive.com
4869,player.pl
4870,8drama.com
4871,fatakat.com
4872,qidian.com
4873,totaljobs.com
4874,movistarplus.es
4875,payza.com
4876,techweb.com.cn
4877,bni.co.id
4878,hdmoviespoint.biz
4879,pcauto.com.cn
4880,mhometheater.com
4881,kariyer.net
4882,img.yt
4883,bancosantander.es
4884,hwupgrade.it
4885,e-reading.club
4886,bakufu.jp
4887,alamy.com
4888,quotehomepage.com
4889,zakzak.co.jp
4890,delta-search.com
4891,ktrmr.com
4892,parsonline.com
4893,gamestorrents.com
4894,webdunia.com
4895,listentoyoutube.com
4896,persiantools.com
4897,cn163.net
4898,governmentjobs.com
4899,womenshealthmag.com
4900,explosm.net
4901,technews.tw
4902,speednetwork14.com
4903,e-estekhdam.com
4904,giallozafferano.it
4905,tro-ma-ktiko.blogspot.gr
4906,insistpost.com
4907,tinydeal.com
4908,dreamhost.com
4909,unisa.ac.za
4910,mysagagame.com
4911,sigmaaldrich.com
4912,askmen.com
4913,paginegialle.it
4914,nudevista.tv
4915,hostelworld.com
4916,jstv.com
4917,baseball-reference.com
4918,staseraintv.com
4919,ssg.com
4920,vueling.com
4921,gfpornvideos.com
4922,zanox.com
4923,libreoffice.org
4924,fox.com
4925,utah.edu
4926,metafilter.com
4927,koha.net
4928,olhardigital.uol.com.br
4929,gmx.at
4930,ulrtep.com
4931,talkingpointsmemo.com
4932,boulanger.com
4933,mouser.com
4934,espn.uol.com.br
4935,usa.gov
4936,symbolab.com
4937,9tsu.com
4938,tushkan.tv
4939,reed.co.uk
4940,eroshare.com
4941,speednetwork1.com
4942,zapmeta.co.in
4943,aigames.mobi
4944,startbootstrap.com
4945,europapress.es
4946,tdcanadatrust.com
4947,tsn.ca
4948,yougov.com
4949,obozrevatel.com
4950,ubs.com
4951,3al.pw
4952,cic.fr
4953,pr.gov.br
4954,fda.gov
4955,fabric.io
4956,hide.me
4957,sncollegeofnursing.org
4958,modcloth.com
4959,shufoo.net
4960,zfilm-hd.net
4961,lyricstranslate.com
4962,skidrow-games.com
4963,ip138.com
4964,worldoftanks.eu
4965,olx.co.za
4966,wordstream.com
4967,zoom.com.br
4968,cdn-apple.com
4969,translate.ru
4970,haqqin.az
4971,boots.com
4972,economia.uol.com.br
4973,iminent.com
4974,successfactors.eu
4975,ohmynews.com
4976,asda.com
4977,oreilly.com
4978,llbean.com
4979,bazos.cz
4980,brightonclick.com
4981,localbitcoins.com
4982,e.jimdo.com
4983,elotrolado.net
4984,systemrequirementslab.com
4985,modelmayhem.com
4986,cnhubei.com
4987,wordhippo.com
4988,lesports.com
4989,cubadebate.cu
4990,fastweb.it
4991,dogdrip.net
4992,arcgis.com
4993,liberoquotidiano.it
4994,noticiaaldia.com
4995,lolcounter.com
4996,day.az
4997,houseoffraser.co.uk
4998,speednetwork6.com
4999,hobbyking.com
5000,torlock.com