Google,3597
Doubleclick,2732
Facebook,1880
Cloudfront,1059
Scorecardresearch,999
Appnexus,927
Twitter,865
amazonaws.com,807
Yahoo,662
Criteo,623
Oracle,560
Quantcast,553
AOL,546
Iponweb,541
Openx,509
Adobe,505
Ghostery,482
Rubicon,474
Cloudflare,468
Bluekai,461
Liveramp,454
Demdex,443
Newrelic,419
Truste,418
Integral Ad Science,402
Adsrvr,394
Moatads,384
Pubmatic,374
Indexchange,334
Turn,327
Doubleverify,323
Mathtag,315
Youtube,304
Tapad,301
Optimizely,299
Chartbeat,297
Lotame,276
Exelate,272
Targus,266
The Nielsen Company,256
Iasds,247
googleusercontent.com,246
Neustar,244
Jquery,243
Sizmek,242
Amazon,227
Krxd,224
Brightroll,212
Bootstrap,212
Akamai,209
Adroll,206
Rocketfuel,206
Dataxu,204
Audiencescience,202
Yandex,201
Tubemogul,199
Microsoft,189
Videology,182
Conversant,180
Flashtalking,172
Adap.Tv,151
Magnetic,148
Baidu,147
Dstillery,146
Mookie1,145
Taboola,144
Smartadserver,142
Contextweb,139
Tealium,137
H&R Block,136
Convertro,134
Linkedin,134
MSN,133
Yadro,133
Liverail,130
Conversant Llc,123
Chango,122
Drawbridge Inc,117
Sovrn,115
Spotxchange,115
Trueffect,112
Signal-Privacy,111
Crazy Egg,111
Exponential,109
Ovh,105
Yieldoptimizer,104
Adform,104
Owneriq,103
Automattic,101
Disqus,100
Centromedia,99
Insightexpress,98
Outbrain,93
dmtry.com,92
Flipps,91
Simpli.Fi,90
Ignitionone,89
Rhythmone,85
Skimlinks,82
Mixpanel,81
Visual Website Optimizer,80
Ru4,80
Ensighten,79
Openx Technologies,79
Hotjar,77
Gssprt,77
Radiumone,77
Sonobi,76
Voicefive,74
Ml314,72
Improve Digital Bv,72
At Internet,71
Parsely,69
Gumgum,69
Exoclick,69
Pinterest,68
Vk,67
Amgdgt,66
Effective Measure,66
Adition,65
Umeng,62
Alibaba,60
Gskinner,60
Ixi Corporation,59
Marketo,59
Nugg.Ad,58
Gigya,58
Tns,56
Mail.Ru,56
Eq Works,55
33Across,55
Adriver,55
Pingdom Ab,54
Yieldlab,53
Cxense Asa,52
Steelhouse,52
Smart Adserver,52
Demandbase,52
Sharethrough,52
Microad,51
Shopzilla,51
Brightcove,50
Postrelease,50
Pagefair,50
Marin Software,50
Collective,50
Trafficjunky,50
Pixalate,49
Yieldbot,49
Run,49
Visualdna,47
Rambler,47
Adgear Technologies,47
Stroeer Media,47
Mybuys,47
Signal,46
Ioam,46
Sharethis,46
Abc,46
Mxptint,46
Clicktale,45
Myspace,45
Rfihub,45
"Sociomantic",44
Datonics,43
Longtail Ad Solutions,43
stickyadstv.com,43
Taobao,42
Netseer,42
Smaato,42
Vizury,41
The Mcgraw-Hill Companies,41
Dyn,41
Eyeview,41
Wtp,41
Histats,41
Maxymiser,40
Adblade,40
Yieldmanager,40
Mcro,40
atemda.com,40
Convertmedia,40
The Adex Gmbh,39
Bidr,39
Sourcepoint Technologies,38
Bounce Exchange,38
Intent Iq,38
Rackspace Us,37
Qualtrics,37
Triplelift,37
Wordpress,36
Soasta,36
Statcounter,36
Paypal,36
Springserve,36
Eyeota Limited,36
Weborama,35
Invite Media,35
Cedexis Inc,35
Nexstar Broadcasting,35
Adelphic Inc,35
Jsdelivr,35
Yimg,34
Zedo,34
Adsnative,34
Mythings,34
Deep Forest Media,33
Polar,33
Cedexis,33
Liveperson,33
Resonate,32
Impact-Ad,32
Jivox,32
Mediade,32
Richrelevance,32
Yabidos,31
Adfox,31
Fout,31
Switch,31
Adbrain,31
Navegg S.A.,30
Answercloud,30
Appier Inc,30
Ib-Ibi,30
Brandscreen Pty Ltd,29
Consumerinfo.Com,29
Polar Mobile Group,29
Komoona,29
Netdna,29
Bidtheatre,29
cdninstagram.com,29
onclickads.net,29
Budgetedbauer,28
Opt,28
Meltdsp,28
Admeta,28
Research Now,28
I-Mobile,28
Sailthru,28
semasio.net,28
Amung,28
Gfk,27
images-amazon.com,27
Adstir,27
Webklipper,27
adingo.jp,27
Undertone Networks,26
Viglink,26
Vimeo,26
Tencent,26
crsspxl.com,26
eyereturn.com,26
blogspot.com,26
webengage.co,26
GetIntent Ltd,26
imgur,26
crimtan,26
Mediametrie,25
Nativo,25
Livefyre,25
Mediaforge,25
answer,25
userinsight,25
fonts.net,25
HATENA,25
yahooapis.com,25
genieesspv.jp,24
truoptik.com,24
kissmetrics.com,24
teads.tv,24
pippio.com,24
vimeo.com,23
247realmedia.com,23
heias.com,23
creative-serving.com,23
acuityplatform.com,23
dc-storm.com,22
com.tr,22
tealiumiq.com,22
gravity.com,22
e-planning.net,22
yjtag.jp,22
Hoefler & Co.,22
virool.com,22
adtechjp.com,22
pardot.com,22
tailtarget.com,22
socdm.com,22
netdna-cdn.com,22
erne.co,22
ibillboard.com,21
hubspot.com,21
zqtk.net,21
webtrendslive.com,21
xplosion.de,21
hs-analytics.net,21
webtrends.com,21
emailretargeting.com,21
zergnet.com,21
indexww.com,21
hatena.ne.jp,21
dvtps.com,21
advombat.ru,21
uservoice.com,21
alexa.com,21
adzerk.net,21
im-apps.net,21
servesharp.net,21
inspectlet.com,21
yastatic.net,21
adotmob.com,21
zemanta.com,21
cpx.to,21
perfectmarket.com,20
fwmrm.net,20
acxiom-online.com,20
tagsrvcs.com,20
grvcdn.com,20
specificclick.net,20
tumblr.com,20
Amplitude,20
zopim.com,20
getclicky.com,20
Fastly,20
mxcdn.net,19
rcsadv.it,19
nanigans.com,19
monetate.net,19
tradedoubler.com,19
tekblue.net,19
adocean.pl,19
href.asia,19
po.st,19
digitaltarget.ru,19
gov.cn,19
microsoft.com,19
rutarget.ru,19
marketgid.com,19
4dsply.com,18
Weibo,18
top100.ru,18
knet.cn,18
meetrics.net,18
abtasty.com,18
zanox.com,18
shinobi.jp,18
ad6media.fr,18
genieessp.jp,18
mouseflow.com,18
adrtx.net,18
com.au,18
dynamicyield.com,18
heatmap.it,18
Instagram,18
relestar.com,18
ok.ru,18
com.mx,18
facetz.net,18
sekindo.com,18
smartclip.net,18
webspectator.com,17
kau.li,17
triggit.com,17
Applovin,17
udmserve.net,17
veinteractive.com,17
tru.am,17
tacoda.net,17
antevenio.com,17
dimml.io,17
emetriq.de,17
bluecava.com,17
wistia.com,17
jwpsrv.com,17
Jumptap,17
everestjs.net,17
rdcdn.com,17
qubitproducts.com,17
Limelight Networks,17
betweendigital.com,17
buysellads.com,16
p161.net,16
brcdn.com,16
Mailchimp,16
bazaarvoice.com,16
adpredictive.com,16
coremetrics.com,16
pointroll.com,16
bnmla.com,16
qvc.com,16
realtime.co,16
ic-live.com,16
igodigital.com,16
googlecode.com,16
everyscreenmedia.com,16
audtd.com,16
horyzon-media.com,16
norton.com,16
am15.net,16
afy11.net,16
appspot.com,16
mgid.com,16
popads.net,16
ziyu.net,15
cbsi.com,15
webtrekk.net,15
tbcdn.cn,15
sinajs.cn,15
usabilla.com,15
cxt.ms,15
4seeresults.com,15
begun.ru,15
pinimg.com,15
bid.run,15
kavanga.ru,15
republer.com,15
godaddy.com,15
adxcore.com,14
elasticad.net,14
intercom.io,14
imrk.net,14
servebom.com,14
bbelements.com,14
iperceptions.com,14
tinypass.com,14
cherryssp.net,14
audienceinsights.net,14
vdna-assets.com,14
ebdr3.com,14
t4ft.de,14
vizu.com,14
undertone.com,14
brsrvr.com,14
scene7.com,14
bizible.com,14
rakuten.co.jp,14
marketo.com,14
polldaddy.com,14
dumedia.ru,14
naver.com,14
media.net,14
googlevideo.com,14
dtscout.com,14
r-ad.ne.jp,13
cbsimg.net,13
compete.com,13
nxtck.com,13
intercomcdn.com,13
ati-host.net,13
eum-appdynamics.com,13
adotube.com,13
kxcdn.com,13
wistia.net,13
adskom.com,13
curse.com,13
jwplatform.com,13
cursecdn.com,13
zendesk.com,13
jd.com,13
flx1.com,13
mediav.com,13
heapanalytics.com,13
ooyala.com,13
optnmnstr.com,13
stackadapt.com,13
jsuol.com.br,13
uol.com.br,13
sundaysky.com,13
zdbb.net,13
insigit.com,13
datamind.ru,13
madnet.ru,13
tovarro.com,13
dyntrk.com,13
p-td.com,12
mplxtms.com,12
sniperlog.ru,12
bridgetrack.com,12
Tripadvisor,12
tellapart.com,12
smartertravel.com,12
telogical.com:8023,12
alibaba.com,12
tentaculos.net,12
brilig.com,12
directadvert.ru,12
collserve.com,12
scanalert.com,12
yieldmo.com,12
ladsp.com,12
rontar.com,12
Sojern,12
anquan.org,12
hiberniacdn.com,12
angsrvr.com,12
fidelity-media.com,11
fc2.com,11
cobaltgroup.com,11
cardlytics.com,11
blogimg.jp,11
myfonts.net,11
Tumri,11
crm4d.com,11
boomtrain.com,11
siftscience.com,11
sabavision.com,11
brightcove.net,11
microadinc.com,11
visiblemeasures.com,11
ad4mat.de,11
cedexis-test.com,11
miaozhen.com,11
luxup.ru,11
solocpm.com,11
hlserve.com,11
admission.net,11
fonts.com,11
phncdn.com,11
huffpost.com,11
httptrack.com,11
Sina,11
taobaocdn.com,11
smi2.net,11
ojrq.net,11
jsrdn.com,11
cachefly.net,11
doublepimp.com,11
augur.io,11
adohana.com,11
gsspat.jp,11
keywee.co,11
feedburner.com,11
ssl-images-amazon.com,11
irs01.com,11
co.id,11
adformdsp.net,11
uuidksinc.net,11
userreport.com,11
clickagy.com,11
unrulymedia.com,11
onclasrv.com,11
tmall.com,10
nspmotion.com,10
naver.net,10
arlime.com,10
openxmarket.jp,10
dmcdn.net,10
xg4ken.com,10
typekit.com,10
rpxnow.com,10
ifmnwi.club,10
crowdynews.com,10
dl-rms.com,10
ggpht.com,10
adelement.com,10
pubnation.com,10
go.com,10
csbew.com,10
goroost.com,10
levexis.com,10
cpmstar.com,10
cmcore.com,10
datvantage.com,10
appdynamics.com,10
silkenthreadiness.info,10
tf1.fr,10
adkontekst.pl,10
cbsima.com,10
mlstatic.com,10
wt-eu02.net,10
adizio.com,10
yandex.st,10
popin.cc,10
livechatinc.com,10
petametrics.com,10
salesforceliveagent.com,10
admedo.com,10
recreativ.ru,10
adlabs.ru,10
videoamp.com,10
revcontent.com,10
mnet-ad.net,10
zencdn.net,10
jtvnw.net,10
advertstream.com,9
flite.com,9
wsod.com,9
swiftypecdn.com,9
atgsvcs.com,9
ad-arata.com,9
swiftype.com,9
channeladvisor.com,9
youku.com,9
huffpo.net,9
fyre.co,9
onthe.io,9
technoratimedia.com,9
gsspcln.jp,9
janrain.com,9
webterren.com,9
microad.net,9
blogsys.jp,9
ezakus.net,9
greencompute.org,9
livedoor.net,9
ebz.io,9
openx.jp,9
ligatus.com,9
apple.com,9
brand-server.com,9
res-x.com,9
a3cloud.net,9
medyanetads.com,9
logly.co.jp,9
mainadv.com,9
targetix.net,9
adtdp.com,9
awempire.com,9
windows.net,9
dynad.net,9
1dmp.io,9
Forensiq,9
adx1.com,9
kameleoon.com,9
imguol.com,9
deqwas.net,9
blogger.com,9
bluelithium.com,9
imgfarm.com,9
adk2x.com,9
zog.link,9
steepto.com,9
questionmarket.com,8
lp4.io,8
nbcuni.com,8
openxenterprise.com,8
iesnare.com,8
creativecdn.com,8
livedoor.jp,8
trackjs.com,8
cogocast.net,8
ravenjs.com,8
nbcudigitaladops.com,8
aimatch.com,8
224.6,8
verisign.com,8
baifendian.com,8
co.nz,8
tvsquared.com,8
livedoor.com,8
addtoany.com,8
admathhd.com,8
dtscdn.com,8
amazon.com,8
blogsmithmedia.com,8
Movableink,8
reddit.com,8
Wikimedia,8
convertexperiments.com,8
edgefonts.net,8
sexad.net,8
wsodcdn.com,8
newsinc.com,8
uimserv.net,8
bdimg.com,8
mlapps.com,8
mobify.com,8
customer.io,8
altitude-arena.com,8
sitestat.com,8
edgexads.com,8
brealtime.com,8
ero-advertising.com,8
sina.com.cn,8
iubenda.com,8
traffichaus.com,8
loggly.com,8
lockerdome.com,8
netshelter.net,8
blogblog.com,8
poll.fm,8
yumenetworks.com,8
daumcdn.net,8
pub2srv.com,8
deliverimp.com,8
botscanner.com,8
disquscdn.com,8
Treasuredata,8
m6r.eu,8
w.org,8
wwwpromoter.com,8
tremorhub.com,8
buyatoyota.com,7
iogous.com,7
adtiger.de,7
dwin1.com,7
elasticbeanstalk.com,7
dotandad.com,7
edgecastcdn.net,7
h-cdn.co,7
freegeoip.net,7
iadvize.com,7
Groupm,7
toptenreviews.com,7
adapf.com,7
wrating.com,7
bizrate.com,7
com.ar,7
adfrontiers.com,7
scarabresearch.com,7
admized.com,7
cnt.my,7
batanga.net,7
schibsted.com,7
Dropbox,7
com.ua,7
ad-m.asia,7
adjust-net.jp,7
ssl-services.com,7
3gl.net,7
scmspain.com,7
tradelab.fr,7
c1exchange.com,7
co.th,7
beanstock.co,7
trafmag.com,7
Ebay,7
travel-assets.com,7
alipay.com,7
cxpublic.com,7
list.ru,7
localresponse.com,7
padsdel.com,7
googlecommerce.com,7
com.ru:8084,7
connatix.com,7
7eer.net,7
exactag.com,7
jquerytools.org,7
weborama.com,7
burt.io,7
webcollage.net,7
schibsted.io,7
sumome.com,7
atomex.net,7
basilic.io,7
enamad.ir,7
ad-v.jp,7
beanstock.com,7
sohu.com,7
vernidolg.ru,7
audsp.com,7
expedia.com,7
ziffdavis.com,7
lpsnmedia.net,7
net.ua,7
moatpixel.com,7
kiosked.com,7
uptolike.com,7
alephd.com,7
nativeads.com,7
userapi.com,7
optimatic.com,7
scanscout.com,7
impdesk.com,7
pictela.net,7
linksynergy.com,7
opendsp.com,7
twitch.tv,7
exe.bid,7
gravityrd-services.com,6
georiot.com,6
tinypic.com,6
pages04.net,6
adpdx.com,6
com.pk,6
com.ng,6
innity.com,6
com.hk,6
owox.com,6
maxcdn.com,6
adx1.com:2808,6
webtrekk-asia.net,6
reembed.com,6
adnexio.com,6
gtags.net,6
userzoom.com,6
affinity.com,6
btttag.com,6
mbww.com,6
kinja-static.com,6
goldiran.ir,6
adtlgc.com,6
adlantis.jp,6
stormiq.com,6
r24-tech.com,6
data-eroadvertising.com,6
realvu.net,6
mycdn.me,6
bigmir.net,6
smartclick.net,6
fullstory.com,6
bzgint.com,6
opta.net,6
stripe.com,6
bbb.org,6
sessioncam.com,6
rbnt.org,6
buzzfeed.com,6
securedvisit.com,6
ptengine.jp,6
adzmath.com,6
bttrack.com,6
richmetrics.com,6
eco-tag.jp,6
s-microsoft.com,6
qtmojo.com,6
affinitymatrix.com,6
gree.net,6
5min.com,6
wp.pl,6
errorception.com,6
castplatform.com,6
olark.com,6
wishabi.net,6
gov.in,6
adman.gr,6
rl0.ru,6
browser-update.org,6
kinja.com,6
hwcdn.net,6
padstm.com,6
apxlv.com,6
admaster.com.cn,6
acint.net,6
vidible.tv,6
runadtag.com,6
df-srv.de,6
inform.com,6
crowdscience.com,6
imiclk.com,6
pusher.com,6
gfx.ms,6
dotmetrics.net,6
kinja-img.com,6
burstnet.com,6
ubertags.com,6
cpex.cz,6
condenastdigital.com,6
samba.tv,6
zopim.io,6
r7ls.net,6
o2.pl,6
admost.com,6
matheranalytics.com,6
natoms.com,6
expedia.ca,6
ip-api.com,6
oclaserver.com,6
uol.com,6
clmbtech.com,6
goadservices.com,6
taucdn.net,6
instagramfollowbutton.com,6
snapengage.com,6
goo.gl,6
tagcommander.com,6
daum.net,6
q1media.com,6
onedmp.com,6
extreme-dm.com,6
adlooxtracking.com,6
ipornia.com,6
puhtml.com,6
adsk2.co,6
bdex.com,5
xtgreat.com,5
sstatic.net,5
in.th,5
cetrk.com,5
sddan.com,5
dmca.com,5
citrixonline.com,5
adimg.net,5
specificmedia.com,5
ipinyou.com,5
baynote.net,5
breakingburner.com,5
cdnads.com,5
com.pl,5
norstatsurveys.com,5
vkontakte.ru,5
xvideos.com,5
getpocket.com,5
adventori.com,5
adshost2.com,5
adview.pl,5
pulsemgr.com,5
pindaw.com,5
envato.com,5
co.il,5
rtoaster.jp,5
prismamediadigital.com,5
or.jp,5
sancdn.net,5
lporirxe.com,5
wal.co,5
inq.com,5
infolinks.com,5
naver.jp,5
smi2.ru,5
springboardplatform.com,5
plug.it,5
bumlam.com,5
bestofmedia.com,5
maxmind.com,5
anthill.vn,5
mmtro.com,5
asianmedia.com,5
onmodulus.net,5
esm1.net,5
targetingmantra.com,5
camads.net,5
rmbn.net,5
adsupplyssl.com,5
ttlbd.net,5
rmtag.com,5
i2i.jp,5
adxpansion.com,5
digicert.com,5
cloudinary.com,5
saymedia.com,5
Firebase,5
Soundcloud,5
leady.com,5
himediads.com,5
samplicio.us,5
photobucket.com,5
trmit.com,5
keynote.com,5
touchcommerce.com,5
admicro.vn,5
kaltura.com,5
hi-mediaserver.com,5
imgsmail.ru,5
advertone.ru,5
pixfuture.net,5
nui.media,5
classistatic.com,5
cbsistatic.com,5
onestore.ms,5
adspirit.de,5
ants.vn,5
staticflickr.com,5
teracreative.com,5
clickability.com,5
idealista.com,5
slatic.net,5
weborama.io,5
lightboxcdn.com,5
districtm.ca,5
stroeerdigitalmedia.de,5
proofpositivemedia.com,5
etahub.com,5
trackalyzer.com,5
vcmedia.vn,5
imgix.net,5
webtracker.jp,5
imrkcrv.net,5
timeinc.net,5
marphezis.com,5
zanox.ws,5
tgknt.com,5
licensebuttons.net,5
fsdatacentre.com,5
mpnrs.com,5
livesportmedia.eu,5
vamaker.com,5
aprtx.com,5
sparkflow.net,5
estara.com,5
github.com,5
intercomassets.com,5
imedia.cz,5
360buyimg.com,5
adrd.co,5
travelocity.com,5
github.io,5
honcode.ch,5
travelocity.ca,5
cloud-media.fr,5
pxl2015x1.com,5
geoplugin.net,5
aralego.com,5
Brandcrumb,5
scupio.com,5
optmd.com,5
commander1.com,5
openstat.net,5
sitemaji.com,5
xqube.ru,5
leagueoflegends.com,5
firstimpression.io,5
dmtracker.com,5
webclicks24.com,5
herokuapp.com,5
videoplaza.tv,5
q1mediahydraplatform.com,5
de17a.com,5
content.ad,5
wsimg.com,5
tawk.to,5
growfoodsmart.com,5
longtailvideo.com,4
oppuz.com,4
flipkart.com,4
embedly.com,4
vox-cdn.com,4
metanetwork.net,4
voxmedia.com,4
bfdcdn.com,4
mapbox.com,4
circularhub.com,4
c3tag.com,4
allocine.fr,4
3.cn,4
unthem.com,4
traffichunt.com,4
tellaparts.com,4
de.com,4
innity.net,4
ulogix.ru,4
im-g.pl,4
index.ru,4
clickiocdn.com,4
juicyads.com,4
intergi.com,4
pop6.com,4
adtricity.com,4
adnium.com,4
ask.com,4
genieessp.com,4
zales.com,4
arpuplus.com,4
zebestof.com,4
affec.tv,4
ca-mpr.jp,4
liadm.com,4
flocktory.com,4
yieldify.com,4
hghit.com,4
hao123img.com,4
newsvine.com,4
dmm.co.jp,4
altergeo.ru,4
web-18.com,4
ulogin.ru,4
etracker.de,4
reklamport.com,4
adcash.com,4
adverticum.net,4
gosquared.com,4
instinctiveads.com,4
com.co,4
ccmbg.com,4
solvemedia.com,4
honeybadger.io,4
wywyuserservice.com,4
genesismedia.com,4
s2d6.com,4
captora.com,4
datahc.com,4
betaout.in,4
trendcounter.com,4
c-ovn.jp,4
plista.com,4
schcks.eu,4
adip.ly,4
proximic.com,4
reklamstore.com,4
southwest.com,4
mmondi.com,4
wywy.com,4
Celtra,4
newsmaxfeednetwork.com,4
oneapm.com,4
ykimg.com,4
dm.gg,4
com.my,4
gmads.net,4
247-inc.net,4
ad4mat.net,4
affiliateshopclues.com,4
daumdn.com,4
umbel.com,4
britishairways.com,4
ebaystatic.com,4
appboycdn.com,4
51.la:82,4
trvl-media.com,4
deliverymedia.es,4
ngenix.net,4
creativecommons.org,4
comeadvertisewithus.com,4
onevision.com.tw,4
arecio.work,4
channel4.com,4
klimg.com,4
posst.co,4
zamimg.com,4
hellobar.com,4
javhd.com,4
axf8.net,4
imonomy.com,4
atas.io,4
mkt941.com,4
static6.com,4
dailymotion.com,4
chatango.com:8081,4
etracker.com,4
custhelp.com,4
adkernel.com,4
carbonads.com,4
intellitxt.com,4
20min.es,4
o2online.de,4
onead.com.tw,4
constantcontact.com,4
adblender.ru,4
adobetag.com,4
komli.com,4
Onlinemetrix,4
zam.com,4
ismcdn.jp,4
insnw.net,4
mezzobit.com,4
woopra.com,4
reachmax.cn,4
civicscience.com,4
footballfanatics.com,4
metrigo.com,4
intentmedia.net,4
naytev.com,4
omnitagjs.com,4
Airbnb,4
t-online.de,4
apfcast.net,4
geotrust.com,4
chatango.com,4
vmmpxl.com,4
pubnub.com,4
airpr.com,4
adsame.com,4
usd.de,4
bebi.com,4
morgdm.ru,4
sitelock.com,4
timeinc.com,4
comm100.com,4
adnext.fr,4
segmentify.com,4
sellpoints.com,4
pubted.com,4
trustwave.com,4
dpmsrv.com,4
guoshipartners.com,4
visualstudio.com,4
redfog.ru,4
hao123.com,4
stumbleupon.com,4
tagcdn.com,4
jabong.com,4
ztat.net,4
rakuten-static.com,4
51.la,4
mobizone.mobi,4
tubecup.org,4
stats.com,4
rediff.com,4
org.br,4
audiencemanager.de,4
postimg.org,4
livejasmin.com,4
dable.io,4
360.cn,4
advertur.ru,4
relap.io,4
accuweather.com,4
spoutable.com,4
luxadv.com,4
ameba.jp,4
oredero.com,4
admitad.com,4
bannerflow.com,4
gtimg.com,4
ucoz.net,4
luxcdn.com,4
pushnative.com,4
adsniper.ru,4
jwpltx.com,4
switchadhub.com,4
amebame.com,4
everestads.net,4
tpm.pw,4
wix.com,4
ywxi.net,4
trrsf.com,4
flickr.com,4
nsstatic.net,4
google.com.tw,4
gaug.es,4
zeusclicks.com,4
cdn-dena.com,4
powerlinks.com,4
psma02.com,4
widerplanet.com,4
vmweb.net,4
ttvnw.net,4
adsrvmedia.net,4
epoch.com,4
x1cdn.com,4
d-bi.fr,3
stackexchange.com,3
qtmojo.cn,3
zhiziyun.com,3
a2dfp.net,3
madnetx.com,3
bigmining.com,3
kampyle.com,3
shareaholic.com,3
google.es,3
s8.com.br,3
sellpoint.net,3
sape.ru,3
intgr.net,3
co.ke,3
valuecommerce.com,3
redblue.de,3
uadx.com,3
behavioralengine.com,3
toplist.cz,3
optinmonster.com,3
revenuemantra.com,3
ebayimg.com,3
merdeka.com,3
mediapostcommunication.net,3
nmcdn.us,3
com.ph,3
tifbs.net,3
gcdn.co,3
rtbget.com,3
stellaservice.com,3
nt.vc,3
justpremium.com,3
unbxdapi.com,3
gda.com,3
Spotify,3
howtank.com,3
mobisla.com,3
anetwork.ir,3
spylog.com,3
zettata.com,3
in.com,3
cdn.md,3
rackspacecloud.com,3
ilsole24ore.it,3
forkcdn.com,3
statuspage.io,3
twiago.com,3
bongacams.com,3
swbdds.com,3
emediate.eu,3
im.cz,3
admantx.com,3
movad.net,3
kargo.com,3
sub2tech.com,3
optaim.com,3
scion.com,3
flxpxl.com,3
pix-cdn.org,3
unidadeditorial.es,3
chinaso.com,3
com.sa,3
gov.uk,3
trakken.de,3
perfdrive.com,3
bnhtml.com,3
rllcll.com,3
btg360.com.br,3
filepicker.io,3
idgtn.net,3
zalando.es,3
uicdn.net,3
acecounter.com:8080,3
adsonar.com,3
jscount.com,3
espncdn.com,3
mixmarket.biz,3
cooladata.com,3
adtaily.pl,3
itsfogo.com,3
brandads.net,3
vtracy.de,3
commentcamarche.net,3
wipmania.com,3
mncdn.com,3
cdnwebcloud.com,3
boldchat.com,3
el-mundo.net,3
opinionbar.com,3
sonital.com,3
atsfi.de,3
videoadex.com,3
runescape.com,3
getsitecontrol.com,3
innogamescdn.com,3
openweathermap.org,3
channelvn.net,3
quantcast.com,3
grapeshot.co.uk,3
optorb.com,3
ecustomeropinions.com,3
gmo.jp,3
bemobile.ua,3
vine.co,3
staticsfly.com,3
needle.com,3
scrippsnetworks.com,3
ultimedia.com,3
zwaar.org,3
captifymedia.com,3
thrnt.com,3
clickmngr.com,3
barilliance.net,3
Inmobi,3
acsta.net,3
brandpress.in,3
cannedbanners.com,3
adrcdn.com,3
sndimg.com,3
virtualearth.net,3
kapanlaginetwork.com,3
n2.hk,3
co.za,3
adyapper.com,3
realvu.com,3
zol.com.cn,3
rtcdn.ru,3
sogou.com,3
tcimg.com,3
intelliad.de,3
openx.com,3
pmc.com,3
arabytracking.com,3
dashbida.com,3
i.ua,3
sociaplus.com,3
01net.com,3
performgroup.com,3
craveonline.com,3
admeta.com,3
6sc.co,3
staticiv.com,3
mdn2015x4.com,3
squarespace.com,3
payclick.it,3
contentful.com,3
mobilenations.com,3
gazeta.pl,3
opensharecount.com,3
uecdn.es,3
movad.de,3
resultspage.com,3
alphacdn.net,3
vs3.com,3
seedtag.com,3
optimix.asia,3
serve-sys.com,3
madadsmedia.com,3
cqq5id8n.com,3
shinystat.com,3
toast.com,3
grouple.ru,3
monkeybroker.net,3
upaiyun.com,3
steamstatic.com,3
distilnetworks.com,3
oewabox.at,3
bongacash.com,3
mpeasylink.com,3
zol-img.com.cn,3
optimost.com,3
actionpay.ru,3
Ethnio,3
130.91,3
adverline.com,3
engageya.com,3
trhunt.com,3
edu.cn,3
displaymarketplace.com,3
bestofmicro.com,3
fusionads.net,3
retailrocket.ru,3
mediametrics.ru,3
itc.cn,3
carbonads.net,3
blogmura.com,3
71i.de,3
com.kh,3
decknetwork.net,3
leguide.com,3
wxug.com,3
cbsi.com.cn,3
epimg.net,3
w8.com.cn,3
onap.io,3
net.cn,3
buscape.com.br,3
cubecdn.net,3
repstatic.it,3
ocdn.eu,3
email-reflex.com,3
s-ports.ru,3
kochava.com,3
hgdat.com,3
flixcart.com,3
hsstatic.net,3
proxistore.com,3
compuwareapmaas.com,3
gsecondscreen.com,3
distribeo.com,3
adplan-ds.com,3
datawrkz.com,3
sailthru.com,3
adnxtr.com,3
surveymonkey.com,3
Appboy,3
antvoice.com,3
ads2-adnow.com,3
cloudapp.net,3
snidigital.com,3
dataxu.net,3
wysistat.com,3
youlamedia.com,3
flagcounter.com,3
pixel.ad,3
kadam.ru,3
vccloud.vn,3
firebaseapp.com,3
ist-track.com,3
afilio.com.br,3
newjobs.com,3
networld.hk,3
pusherapp.com,3
expedia.co.in,3
ablida-rotation.com,3
otclick-adv.ru,3
siteblindado.com,3
yieldpartners.com,3
gscontxt.net,3
247inc.net,3
leboncoin.fr,3
emsecure.net,3
gtimg.cn,3
reactx.com,3
ameblo.jp,3
qhimg.com,3
adnetworkperformance.com,3
mediatoday.ru,3
onesignal.com,3
bdstatic.com,3
rareru.ru,3
Microsoft-Azure,3
clickmon.co.kr,3
zoftcdn.com,3
upstats.ru,3
lkqd.net,3
or.kr,3
adziff.com,3
reformal.ru,3
qihucdn.com,3
geetest.com,3
luckyorange.net,3
granify.com,3
luckyorange.com,3
amoad.com,3
gmossp-sp.jp,3
ucweb.com,3
sfdict.com,3
amcharts.com,3
adskeeper.co.uk,3
marketlinc.com,3
bit.ly,3
lytics.io,3
neodatagroup.com,3
doublemax.net,3
triver.jp,3
expedia.it,3
getrockerbox.com,3
expedia.de,3
getblueshift.com,3
realclick.co.kr,3
ilikesponsorad.co.kr,3
tmdb.org,3
wbtrk.net,3
ilikesponsorad.com,3
publited.com,3
bfmio.com,3
rtb-media.me,3
entitytag.co.uk,3
254a.com,3
videostat.com,3
advertserve.com,3
tqn.com,3
videe.tv,3
sitetag.us,3
admaxserver.com,2
com.cy,2
dapxl.com,2
Medialytics,2
theprimead.co.kr,2
promoviral.com,2
provenpixel.com,2
arrivalist.com,2
kaizenplatform.net,2
feedly.com,2
semantictec.com,2
peromut.com,2
lithium.com,2
symantec.com,2
glam.com,2
3conline.com,2
clickfuse.com,2
monster.com,2
albopa.work,2
juiceadv.com,2
myservdir.com,2
launchbit.com,2
fark.com,2
wfxtriggers.com,2
gnezdo.ru,2
sportkit.gr,2
rawgit.com,2
getdrip.com,2
schetu.net,2
cszz.ru,2
chatid.com,2
durasite.net,2
instantservice.com,2
turbobytes.com,2
reporo.net,2
tns-cs.net,2
imageg.net,2
dianomi.com,2
i0.cz,2
trafficforce.com,2
tfag.de,2
highcharts.com,2
citicards.com,2
k-img.com,2
sawpf.com,2
adobelogin.com,2
rightnowtech.com,2
d-adasia.com,2
dynapis.info,2
usa.gov,2
videostep.com,2
popped.biz,2
webmd.com,2
mmnneo.com,2
zenfs.com,2
cdn77.org,2
analytics-egain.com,2
blogads.com,2
megastock.ru,2
ketchuponnews.com,2
investingchannel.com,2
repubblica.it,2
habracdn.net,2
hubspot.net,2
hyperurl.co,2
ambient-platform.com,2
4wnet.com,2
proper.io,2
liqwid.net,2
stumble-upon.com,2
hpmdnetwork.ru,2
tribdss.com,2
email-match.com,2
nighter.club,2
mode.com,2
channelintelligence.com,2
placed.com,2
iplsc.com,2
evbuc.com,2
wsoddata.com,2
servitubes.com,2
feedbackify.com,2
quu.nu,2
redditstatic.com,2
hypercomments.com,2
vogozae.ru,2
pxi.pub,2
megapopads.com,2
androidcentral.com,2
wibbitz.com,2
tenmax.io,2
onsugar.com,2
fmpub.net,2
cig.com.cn,2
trafex.net,2
clickganic.com,2
goodadvert.ru,2
collegehumor.com,2
trafficfactory.biz,2
37cs.com,2
pvk.jp,2
blogos.com,2
evyy.net,2
oxcdn.com,2
jisusaiche.biz,2
rewardstyle.com,2
fam-ad.com,2
agilone.com,2
raygun.io,2
postaffiliatepro.com,2
indapass.hu,2
complexmedianetwork.com,2
Ironsource,2
fancybar.net,2
force.com,2
neustar.biz,2
doofinder.com,2
com.sg,2
bidtellect.com,2
hsoubcdn.com,2
t26.net,2
iclnd.com,2
glbimg.com,2
webtype.com,2
imwx.com,2
dt00.net,2
userlike.com,2
markitcdn.com,2
ziffdavisinternational.com,2
pushbullet.com,2
checkm8.com,2
pages03.net,2
ad-srv.net,2
orange.com,2
zaloapp.com,2
dditscdn.com,2
feiwei.tv,2
lemde.fr,2
hoptopboy.com,2
digitalriver.com,2
myswitchads.com,2
pushcrew.com,2
eclick.vn,2
clearsale.com.br,2
ibxk.com.br,2
searchforce.net,2
ibt.com,2
ads.cc,2
onet.pl,2
hotelscombined.com,2
photorank.me,2
adfront.org,2
instansive.com,2
spoteffects.net,2
volluto.com,2
banzaiadv.it,2
servedby-buysellads.com,2
librebook.ru,2
syncsearch.jp,2
janrainbackplane.com,2
jump-time.net,2
android.com,2
riskified.com,2
oracleimg.com,2
cdnpk.net,2
elmundo.es,2
trb.com,2
trbas.com,2
gdmdigital.com,2
babaroll.com,2
rcsobjects.it,2
adnetwork.vn,2
e-generator.com,2
kontera.com,2
pennlive.com,2
searchmarketing.com,2
phando.com,2
org.uk,2
evolvemediallc.com,2
iqcontentplatform.de,2
qualaroo.com,2
yourjavascript.com,2
trafficgate.net,2
yardbarker.com,2
developermedia.com,2
pearsonhighered.com,2
bitauto.com,2
simplereach.com,2
dictionary.com,2
cvcdn.com,2
clicktripz.com,2
magnuum.com,2
popmarker.com,2
influid.co,2
nsaudience.pl,2
mediabong.net,2
delvenetworks.com,2
sky.com,2
marchex.io,2
contentdef.com,2
adledge.com,2
cdndelivery.net,2
mapquestapi.com,2
queryly.com,2
leadplace.fr,2
siteheart.com,2
pcauto.com.cn,2
youle55.com,2
adclick.lv:8081,2
istreamsche.com,2
gamerpublishing.com,2
autopilothq.com,2
adviator.com,2
rsz.sk,2
hearstnp.com,2
yccdn.com,2
algovid.com,2
netbiscuits.net,2
upload2.com,2
wzrkt.com,2
assetfiles.com,2
roixdelivery.com,2
mirtesen.ru,2
extole.com,2
citrixonlinecdn.com,2
woman.es,2
qualys.com,2
fod4.com,2
cw1.tw,2
idmanagedsolutions.com,2
mp4box.org,2
dstillery.com,2
eurogamer.net,2
eaglecdn.com,2
atlassian.com,2
ipinfodb.com,2
ssads.net,2
estand.jp,2
shoprunner.com,2
devatics.com,2
ad-center.com,2
cymmetrics.com.tw,2
163.com,2
ayads.co,2
r66net.com,2
hurpass.com,2
one.in,2
net.id,2
cdntvn.pl,2
jetpackdigital.com,2
seethisinaction.com,2
monarchads.com,2
azartdaddy.com,2
rkdms.com,2
rtr-vesti.ru,2
nglmedia.com,2
infogr.am,2
refinedads.com,2
advinapps.com,2
localytics.com,2
onionstatic.com,2
thebloggernetwork.com,2
acquia.com,2
xlisting.jp,2
oneman.gr,2
td.com,2
8-d.com,2
prchecker.info,2
scribblelive.com,2
gov.tr,2
gob.ar,2
riotgames.com,2
a8.net,2
buscape.com,2
mediagraph.com,2
wurfl.io,2
webfonts.ru,2
lolstatic.com,2
oracle.com,2
mybuys.com,2
conyak.com,2
twcczhu.com,2
playwire.com,2
kilomonj.net,2
tmtm.ru,2
trumba.com,2
supaplex.us,2
o0bc.com,2
dilcdn.com,2
goutee.top,2
staticworld.net,2
firebase.com,2
trustkeeper.net,2
qlogo.cn,2
weather.com,2
sovrn.com,2
w3.org,2
kabbage.com,2
stbm.it,2
j-a-net.jp,2
snimg.com,2
pornmarathon.com,2
decibelinsight.net,2
vuukle.com,2
adhood.com,2
pbwstatic.com,2
anonymousdemographics.com,2
styria.hr,2
vidora.com,2
bowker.com,2
edigitalsurvey.com,2
research-int.se,2
blueconic.net,2
githubusercontent.com,2
huffingtonpost.com,2
masslive.com,2
bodaybo.net,2
transifex.com,2
Csdata,2
sfdcstatic.com,2
oclasrv.com,2
advaction.ru,2
libero.it,2
cdn-net.com,2
acquireinsight.net,2
netease.com,2
chaordicsystems.com,2
spreaker.com,2
media-clic.com,2
pornfuror.com,2
mobify.net,2
edgeads.org,2
acs86.com,2
rightinthebox.com,2
dt07.net,2
adgebra.co.in,2
adsvcs.com,2
ziffstatic.com,2
onion.com,2
aexp-static.com,2
worldgravity.com,2
forebase.com,2
epmads.com,2
indiatimes.com,2
nocookie.net,2
cabestan.com,2
com.vn,2
mxtads.com,2
dolimg.com,2
northernandshell.co.uk,2
future-hawk-content.co.uk,2
complex.com,2
gsfn.us,2
ngacm.com,2
imho.net,2
selfimg.com.cn,2
smart-dn.com,2
msgfocus.com,2
ecpmrocks.com,2
theladbiblegroup.com,2
hatenablog.com,2
35go.net,2
snapwidget.com,2
abc.com,2
ignitionone.com,2
dtiserv.com,2
allocine.net,2
libertymutual.com,2
ads.cc:443,2
sdlcdn.com,2
logme.in,2
osdimg.com,2
cloudsponge.com,2
news.cn,2
highwebmedia.com,2
knotice.net,2
jetlore.com,2
spring-tns.net,2
fuel451.com,2
iconarchive.com,2
addfreestats.com,2
cazamba.com,2
mixcloud.com,2
listenloop.com,2
rutube.ru,2
24smi.org,2
soku.com,2
topsy.com,2
quelon.com,2
gomoxie.solutions,2
synapsys.us,2
jisusaiche.com,2
certona.net,2
logentries.com,2
mkt51.net,2
admixer.net,2
rcsmetrics.it,2
babble.com,2
bitmedianetwork.com,2
ibtimes.com,2
with2.net,2
pee-puu-see.com,2
28.187,2
himediadx.com,2
evbstatic.com,2
r29static.com,2
ipresso.pl,2
tvn.pl,2
cdnbm.com,2
aparat.com,2
computing.net,2
linter.fr,2
resultsaccelerator.net,2
videohub.tv,2
ad4game.com,2
yunshipei.com,2
Clearleft,2
chzbgr.com,2
hellosociety.com,2
crosspixel.net,2
selcdn.ru,2
trustedshops.com,2
marktest.pt,2
myvisualiq.net,2
shld.net,2
ctags.cn,2
wargaming.net,2
viafoura.net,2
rubigame.com,2
vogozaw.ru,2
partnerexample.com,2
syracuse.com,2
condenet.com,2
linkonlineworld.com,2
idcfcloud.com,2
siteimprove.com,2
salecycle.com,2
escinteractive.com,2
notifyvisitors.com,2
admtpmp123.com,2
popcash.net,2
gridsumdissector.com,2
-2,2
adtimaserver.vn,2
clickcertain.com,2
upload2.co,2
gravity4.com,2
hsoub.com,2
comscore.com,2
redtroops.com,2
citi.com,2
interactive-it4m.jp,2
mysocialpixel.com,2
pchome.com.tw,2
piwikpro.com,2
maist.jp,2
mathjax.org,2
accesstrade.net,2
medleyads.com,2
spilgames.com,2
siglo.mx,2
admarketplace.com,2
native.ad,2
ktxtr.com,2
easydmp.net,2
addevent.com,2
jiathis.com,2
tyroodr.com,2
tdimg.com,2
giphy.com,2
pubexchange.com,2
dedicatedmedia.com,2
effitarget.com,2
readmanga.ru,2
haytag.net,2
1und1.de,2
datajet.io,2
reyada.com,2
zampda.net,2
news247.info,2
eimg.jp,2
d41.co,2
adultmanga.ru,2
mttwtrack.com,2
dropboxusercontent.com,2
wennermedia.com,2
image-gmkt.com,2
freshdesk.com,2
afcdn.com,2
adalyser.com,2
memecenter.org,2
subscribe.ru,2
com.pe,2
liveadexchanger.com,2
ampxchange.com,2
supert.ag,2
58.com,2
toastoven.net,2
Foursquare,2
technical-service.net,2
libsyn.com,2
script.ag,2
mercent.com,2
ebdr2.com,2
oringmedia.com,2
globo.com,2
static-fra.de,2
yigao.com,2
trbimg.com,2
digidip.net,2
wemfbox.ch,2
nbcnews.com,2
kataweb.it,2
embed.ly,2
beampulse.com,2
da-files.com,2
blau.de,2
adschoom.com,2
break.com,2
moneycontrol.co.in,2
24media.gr,2
Mobfox,2
chatidcdn.com,2
performfeeds.com,2
ip-label.net,2
adhitzads.com,2
clickyab.com,2
cacafly.net,2
hdnux.com,2
remarketstats.com,2
cdn.fm,2
vesti.ru,2
visilabs.net,2
fox.com,2
pubgears.com,2
aimg.sk,2
gov.br,2
afsanalytics.com,2
spartan-ntv.com,2
emsservice.de,2
mediabong.com,2
adverserve.net,2
skimlinks.com,2
unica.com,2
futurecdn.net,2
wpimg.pl,2
techhive.com,2
pagoda56.com,2
adtarget.me,2
aliimg.com,2
ccm2.net,2
adclick.lt:8081,2
choicestream.com,2
ngastatic.com,2
peer39.net,2
ghbtns.com,2
terra.com,2
shutterstock.com,2
pixstatic.com,2
gorillanation.com,2
net.co,2
podcastone.com,2
line-apps.com,2
terra.com.br,2
tradeadexchange.com,2
ambientplatform.vn,2
tribune.com,2
gammaplatform.com,2
xvideos-field.com,2
43.14,2
redcdn.pl,2
cldlr.com,2
responsys.net,2
strikead.com,2
ad.jp,2
aproductmsg.com,2
typesquare.com,2
oxv.fr,2
telva.com,2
hsto.org,2
virgilio.it,2
rbl.ms,2
viafoura.com,2
bubblestat.com,2
da-ads.com,2
ventivmedia.com,2
fsdn.com,2
aliunicorn.com,2
vogorana.ru,2
clicktracks.com,2
idqqimg.com,2
misrday.com,2
starwars.com,2
funnyordie.com,2
cshi.ru,2
pconline.com.cn,2
revee.com,2
combotag.com,2
adikteev.com,2
veoxa.com,2
adsparc.net,2
taboolasyndication.com,2
adsbro.com,2
hudb.pl,2
google.co.in,2
onescreen.net,2
gamer-network.net,2
acecounter.com,2
custora.com,2
vibrant.co,2
habrastorage.org,2
s-msft.com,2
inbenta.com,2
mradx.net,2
mkbwlcdn.com,2
shopify.com,2
imr.sk,2
eagleplatform.com,2
cumulus-cloud.com,2
rubikloud.com,2
exoticads.com,2
sokrati.com,2
cdnbf.net,2
yume.com,2
mirs.com,2
extend.tv,2
jimstatic.com,2
slimspots.com,2
ads-optima.com,2
byside.com,2
et-code.ru,2
dudamobile.com,2
jsuol.com,2
nend.net,2
ligadx.com,2
wixstatic.com,2
mzstatic.com,2
rhythmone.com,2
wimg.jp,2
uid.me,2
bidvertiser.com,2
google.it,2
directrev.com,2
pdmp.jp,2
evergage.com,2
about.co.kr,2
sspicy.ru,2
srcsmrtgs.com,2
ato.mx,2
mikle.com,2
advertsby.com,2
e-contenta.com,2
reference.com,2
admedia.com,2
anfiles.com,2
com.eg,2
brightedge.com,2
psma03.com,2
womtp.com,2
netinsight.co.kr,2
revdepo.com,2
pluso.ru,2
newtabtvsearch.com,2
011st.com,2
kitbit.net,2
devconsultores.com,2
pagesjaunes.fr,2
speednetwork6.com,2
100mb.kr,2
globalwebindex.net,2
eboundservices.com,2
kameleoon.eu,2
hinet.net,2
glancecdn.net,2
expedia.fr,2
clickpapa.com,2
get35.com,2
bitgravity.com,2
hilltopads.net,2
rtb-media.ru,2
expedia.co.uk,2
zkcdn.net,2
11st.co.kr,2
uc.cn,2
lanistaads.com,2
asset-cache.net,2
thesaurus.com,2
parastorage.com,2
faggrim.com,2
mindspark.com,2
ebis.ne.jp,1
lomadee.com,1
li.ru,1
livetex.ru,1
llnw.net,1
leblogdebigbeauty.com,1
aladdin.co.kr,1
carrierzone.com,1
exebid.ru,1
232.45,1
com.awe,1
shoptarget.com.br,1
tritondigital.com,1
mp-pickr.com,1
ruttwind.com,1
mtdata.ru,1
ieplads.com,1
appnexus.com,1
ermisvc.com,1
justfashiontips.com,1
meredith.com,1
medio.com,1
gr-assets.com,1
bunchbox.co,1
wovencube.com,1
24liveplus.com,1
kompasads.com,1
37.142,1
admax.ninja,1
liveads.jp,1
sgkrehberi.com,1
5dimes.com,1
analisis.io,1
360co.cn,1
pokoran.com,1
gammae.com,1
taps.io,1
dfile.cn,1
woven.com,1
com.cu,1
eclkspbn.com,1
adsready.com,1
ads3-adnow.com,1
bogi.ru,1
tianjimedia.com,1
iballs.gr,1
weloveiconfonts.com,1
adk2.co,1
irdiplomacy.ir,1
814356.com,1
edu-cdn.com,1
opap.co.kr,1
bkcimg.com,1
goodwaygroup.com,1
mnstatic.com,1
updating4free.net,1
gfkey.com,1
elbalonrosa.com,1
8684.com,1
getharvest.com,1
fimgs.net,1
enbrite.ly,1
fabrykamemow.pl,1
vigimeteo.com,1
rtbportal.com,1
1x12.net,1
forever21.com,1
qbox.me,1
vasta.co.jp,1
brightonclick.com,1
linkwithin.com,1
animetoon.org,1
aftonbladet.se,1
sheknows.com,1
esfimg.com,1
azstatic.com,1
blovcdn.com,1
2app.lk,1
ssimg.cn,1
memalytics.co,1
voicestar.com,1
contentstream.pl,1
rygamk.com,1
jrj.com.cn,1
shopperapproved.com,1
viddler.com,1
r10s.jp,1
1234567.com.cn,1
adlpartner.com,1
tnwcdn.com,1
suarapembaruan.com,1
videogenetic.com,1
bcdn.jp,1
cdqss.com,1
travelspike.com,1
brightspace.com,1
clickdesk.com,1
eclkmpsa.com,1
texthelp.com,1
gear3rd.net,1
net.ar,1
hiru.digital,1
readms.com,1
realtracking.ninja,1
61.87,1
bravospots.com,1
forter.com,1
wdtinc.com,1
aliyun.com:443,1
infobolsanet.com,1
elev.io,1
collectandgather.com,1
ppjol.net,1
adrotate.se,1
127.net,1
onclicktop.com,1
richrelevance.net,1
bbredir101.com,1
impressions.ir,1
sitemeter.com,1
dgmatix.com,1
netant.info,1
3dnews.ru,1
oned.io,1
co.mz,1
adtpix.com,1
aaas.org,1
editmysite.com,1
a-g.jp,1
kodcdn.com,1
index.hu,1
aifcdn.com,1
cmfu.com,1
reevoo.com,1
mp-success.com,1
urx.io,1
medscape.com,1
ngfiles.com,1
e-pagerank.net,1
57.205,1
searchpile.com,1
mngbcn.com,1
veeseo.com,1
line.me,1
ubuntu.com,1
imgx.jp,1
handll.net,1
gamerz.wiki,1
lankasrisports.com,1
mgstage.com,1
zag.com,1
foto-pic.net,1
brimg.net,1
tvgry.pl,1
immoscout24.ch,1
release.co.jp,1
hp.com,1
dnomak.com,1
lolipop.jp,1
clickadu.com,1
news247.gr,1
upsellit.com,1
ns-cdn.com,1
gooshishop.com,1
qqc.co,1
skinected.com,1
longseller.org,1
fastcompany.net,1
vteximg.com.br,1
huimg.cn,1
p0y.cn,1
wpcomwidgets.com,1
ovintic.ru,1
s-nbcnews.com,1
meteored.mx,1
propelplus.com,1
adtube.ir,1
marca.com,1
yapfiles.com,1
blitzquotidiano.it,1
splash-screen.net,1
symassets.com,1
staticontent.com,1
mcclatchyinteractive.com,1
openxadexchange.com,1
jobscout24.ch,1
khabaronline.ir,1
e-hentai.org,1
zing.vn,1
se-mc.com,1
arcpublishing.com,1
vnetsystem.gr:8080,1
securewebboard.com,1
adiply.com,1
empstatic.com,1
neighborhood.ru,1
polyad.net,1
guancha.cn,1
elephant2.com,1
socialtrack.co,1
nile.works,1
dlf.lt,1
139.32,1
gearwom.de,1
bing-int.com,1
sestatic.net,1
vpimg3.com,1
tvtech.it,1
24liveblog.com,1
adoptserver.com,1
excitedigitalmedia.com,1
avtofm.az,1
agenziax.it,1
com.bh,1
apigurus.com,1
socialannex.com,1
persianbox.com,1
xdn.tf,1
noodle.com,1
youmaker.com,1
in.ua,1
oneindia.in,1
stqn.it,1
s24.com,1
rbxcdn.com,1
jordanzad.com,1
blick.ch,1
nativeadsfeed.com,1
cms-skin.com,1
adnetmedia.lt,1
onedrive.su,1
jobscore.com,1
blocket.se,1
go2cloud.org,1
spingo.com,1
com.qa,1
bankrate.com,1
totalsourcetracker.com,1
vecernji.hr,1
wiley.com,1
mwayss.com,1
ppc.buzz,1
rtbooster.com,1
grt03.com,1
anm.co.uk,1
gov.it,1
agoda.com,1
mediachat.ru,1
yy.com,1
eproof.com,1
clickthruserver.com,1
websitetestlink.com,1
226.27,1
mojauto.rs,1
westlotto.com,1
adclear.net,1
propellerads.com,1
214.144,1
ipop.com.tw,1
estrenosdtl.com,1
bigfishsites.com,1
berush.com,1
shoqolate.com,1
datawrapper.de,1
flux.com,1
torrentesx.com,1
bosspay.cn,1
gamer-news.info,1
qiantucdn.com,1
clammr.com,1
1worldonline.com,1
edim.co,1
travelpayouts.com,1
cointraffic.io,1
measuread.com,1
albinfo.ch,1
simpleview.it,1
farsnews.com,1
s1979.com,1
swisslos.ch,1
vonibo.com,1
staticec.com,1
alltheladyz.xyz,1
hikaritv.net,1
mediakit.com.br,1
phonon.in,1
hoopchina.com.cn,1
bluecore.com,1
mtrtb.com,1
collins.co.uk,1
leiki.com,1
guioteca.com,1
acq.io,1
img.vc,1
voipdown.com,1
fsi11.com,1
bloglines.com,1
bmediaasia.com,1
inpref.com,1
rx22dc.com,1
hbo.com,1
spider.ad,1
nvdst.com,1
tworismo.com,1
BBC,1
byty.sk,1
elconvert.com,1
duba.net,1
igbimo.com,1
jpserver.biz,1
swimg.net,1
isdl.co,1
vbtrax.com,1
kelbillet.com,1
pastemagazine.com,1
diversityonecareers.com,1
smarttds.ru,1
dailydot.com,1
coherentpath.com,1
yeshj.com,1
originplatform.com,1
vidyard.com,1
xvideos-field5.com,1
xn--p8judu075anul.jp,1
bob-recs.com,1
Medium,1
afimg.jp,1
akhbaar24.com,1
joyvy.com,1
bhphoto.com,1
pswec.com,1
struq.com,1
adsclean.com,1
digitalriverws.com,1
98.229:8777,1
vs4.com,1
medianetworks.ru,1
videostripe.com,1
apicit.net,1
expansion.com,1
sharewa.com,1
226.88,1
ebaumsworld.com,1
226.99,1
starz.com,1
itmedia.co.jp,1
bitautoimg.com,1
polyfill.io,1
adnet.lt,1
pcadvisor.co.uk,1
gitcdn.org,1
lacentrale.fr,1
bluradio.com,1
ucoz.ua,1
cctv.com,1
nr-assets.net,1
sanspo.com,1
lpsys.biz,1
fotocdn.net,1
adobur.com,1
stargame.com,1
abaresearch.uk,1
vidpanel.com,1
meddaily.ru,1
mdataroom.com,1
tongdaohui.com,1
microsoftstore.com,1
gamemag.it,1
premiereinteractive.com,1
pplive.cn,1
mxmcdn.net,1
dohi.se,1
live.net,1
avximg.com,1
videosecrets.com,1
dinero.com,1
newsgator.com,1
trustpilot.com,1
bizj.us,1
guim.co.uk,1
novanet.vn,1
xmlshop.biz,1
com.uy,1
kompas.com,1
vipstatic.com,1
asp24.pl,1
startv.in,1
17173cdn.com,1
wapstart.ru,1
com.pr,1
20mn.fr,1
nextmedia.com,1
inpe.br,1
rmn.com,1
aviasales.ru,1
konduto.com,1
tmserver-2.net,1
57.124,1
dlnws.com,1
circonus.net,1
gleam.io,1
linkstorm.net,1
aacdn.jp,1
web-stat.com,1
53.108,1
com.ni,1
staticcache.org,1
emediate.dk,1
57.123,1
ckstatic.com,1
sugarops.com,1
tubealliance.com,1
payroll.com,1
tdcampaigns.ch,1
cstatic-images.com,1
rocket-om.com,1
winvvv.com,1
1health.id,1
buzzsenegal.com,1
imgsniper.com,1
bbycastatic.ca,1
mfcimg.com,1
kudtkoekiewet.nl,1
servletengine.com,1
ad-survey.com,1
footprint.net,1
digitalartsonline.co.uk,1
isu.pub,1
comcast.net,1
cw.com.tw,1
sscdn.co,1
adsupply.com,1
zoftmail.com,1
57.121,1
reactful.com,1
iset.com.tw,1
pantherssl.com,1
jrj.com.cn:8080,1
ostkcdn.com,1
pengfu.cn,1
24live.co,1
enetscores.com,1
izooto.com,1
soufunimg.com,1
otherprofit.com,1
ccavenue.com,1
fetchback.com,1
vevo.com,1
refersion.com,1
veojam.com,1
oclc.org,1
jp-sex.com,1
uicdn.com,1
hscta.net,1
trustutn.org,1
dyncdn.cc,1
milibris.com,1
fresh8.co,1
cmstatic.net,1
zumst.com,1
jword.jp,1
fs.cm,1
cloudpayments.ru,1
hirunews.lk,1
myqcloud.com,1
issuu.com,1
126.253,1
redirectingat.com,1
1dehusw7.com,1
k-analytix.com,1
qucaigg.com:8080,1
threads.io,1
onalert.gr,1
filmibeat.com,1
posterpal.com,1
telldc.com,1
ltwebstatic.com,1
wkimg.com,1
mi.com,1
freebie-ac.com,1
file-static.com,1
forbes.hr,1
timezonedb.com,1
conn.tw,1
freent.de,1
memonet.ru,1
finans.dk,1
mizanonline.ir,1
bstat.io,1
adsttc.com,1
eltiempo.es,1
nyt.com,1
peermap.com,1
24o.it,1
bloggang.com,1
mediabrix.com,1
onlinetv.ru,1
segmetrics.io,1
talk.lv,1
utarget.ru,1
kixer.com,1
ustatik.com,1
janrainsso.com,1
tblsft.com,1
vzw.com,1
tapstream.com,1
rhythmads.com,1
affilae.com,1
carry6.com,1
sahafy.net,1
cribeo.com,1
vietid.net,1
dealzncouponz.com,1
kauppalehti.fi,1
tlife.gr,1
reflektion.com,1
namekuji.jp,1
cnd-motionmedia.de,1
gatewayinterface.com,1
181.142:8777,1
ygsm.com,1
yelpcdn.com,1
wizrocket.com,1
adslvr.com,1
panel100.com,1
pizzahut.jp,1
csstatic.com,1
oneindia.com,1
shareholder.com,1
cybertrust.ne.jp,1
buzzfed.com,1
moon-ray.com,1
rnengage.com,1
schneevonmorgen.com,1
angel-live.com,1
dragontooth.cn,1
huawei.com,1
hsappstatic.net,1
adspot.ch,1
gacela.eu,1
recyclix.com,1
Awin1,1
freelancer.com,1
tmpo.co,1
stormcontainertag.com,1
99.66:8777,1
grupaonet.pl,1
rtbsystem.com,1
mcafee.com,1
trustev.com,1
samurai-factory.jp,1
tdwaterhouse.ca,1
fluxstatic.com,1
Branch,1
226.75,1
futureoftheinternet.org,1
bhaskar.com,1
affiz.net,1
tmocache.com,1
005.tv,1
blogherads.com,1
static-file.com,1
com.af,1
protv.ro,1
y-track.com,1
org.eg,1
slidedeck.com,1
haber10.com,1
emediate.se,1
brtstats.com,1
cloud-iq.com,1
47.100:8080,1
letfap.com,1
msrv.su,1
privatbank.ua,1
advolution.de,1
gr-cdn.com,1
supermanlybros.com,1
seenatra.com,1
potatocdn.com,1
agoramedia.com,1
lietou-static.com,1
xx1t.com,1
adinsight.co.kr,1
lestechnophiles.com,1
yupoo.com,1
retargeter.com.br,1
sfrbusinessteam.fr,1
apxprogrammatic.com,1
fusepump.com,1
a8723.com,1
adsplashmedia.com,1
spoti.io,1
hearstdigitalstudios.com,1
providus.rs,1
hotellook.com,1
danstools.com,1
msedge.net,1
yoptima.com,1
industrybrains.com,1
n208adserv.com,1
bbystatic.com,1
leasewebcdn.com,1
wwbads.com,1
addnow.com,1
wambacdn.net,1
www.uz,1
reimymedia.com,1
holidaypirates.com,1
vinsight.de,1
tracelytics.com,1
seoparts.net,1
cyveillance.com,1
google.co.jp,1
alfdt.com,1
codeartlove.com,1
conversantmedia.com,1
bulletproofserving.com,1
pixfs.net,1
iconosquare.com,1
mobilike.com,1
phununews.vn,1
asiaone.com,1
relevantid.com,1
102.131:8777,1
miami.com,1
us.org,1
fripe.website,1
greentube.com,1
clickmedias.info,1
m5zn.com,1
com.sv,1
talkyun.com,1
skycdnhost.com,1
trbna.com,1
yume.chat,1
nexeps.com,1
afamily.vn,1
ydcdn.net,1
deviantart.net,1
insella.it,1
cnevids.com,1
tag4arm.com,1
safedownloadsrus201.com,1
amashow.com,1
staticmb.com,1
10jqka.com.cn,1
i-transactads.com,1
qrius.me,1
vbstatic.co,1
francetv.fr,1
rdbuz.com,1
livelook.com,1
pgol.it,1
Electronicarts,1
yaske.to,1
evcdn.com,1
chocuoituan.vn,1
pulpix.co,1
24smi.net,1
171.3,1
insticator.com,1
cdngc.net,1
danskespil.dk,1
people.cn,1
scdn.gr,1
zilok.com,1
soompi.io,1
fvs1.net,1
cherrytech.com,1
realmediadigital.com,1
booksuper.info,1
shopperconnect.com,1
iku4.com,1
yandex.ru:443,1
c4assets.com,1
133.52,1
133.53,1
tcdn.nl,1
alvolante.it,1
132.164,1
blogsky.com,1
ophan.co.uk,1
seznam.cz,1
cafe-search.com,1
10.5:8080,1
komoona.com:3000,1
leadin.com,1
estuyo.com,1
newsstat.cn,1
selectablemedia.com,1
ichannela.com,1
torrentbr.com,1
bellmedia.ca,1
okeinfo.net,1
imgs24.com,1
actitudfem.com,1
mlv-cdn.com,1
mdotlabs.com,1
bmscdn.com,1
heatclick.jp,1
navabi.fr,1
lingerie-story.fr,1
integraldemudanzas.com,1
sl.pt,1
brat-online.ro,1
epom.com,1
chaturbate.com,1
cloudy.ec,1
mpcdn.net,1
tu-tu.ru,1
wag-static.com,1
oradn.co.in,1
lidovky.cz,1
q8car.com,1
bestpartnercash.com,1
discover.com,1
21sme.com,1
myaudience.de,1
xingcloud.com,1
lifeinqatar.com,1
mitele.es,1
angular.io,1
securestudies.com,1
181.136:8777,1
campanja.com,1
saymedia-content.com,1
zum.com,1
acdn.lt,1
tabnak.ir,1
publicidees.com,1
images-home.com,1
rcstatic.com,1
behe.com,1
126.net,1
businessclick.com,1
careerpower.in,1
userdmp.com,1
coinad.com,1
coreserver.jp,1
classistatic.de,1
ehgt.org,1
netty.az,1
theporndude.com,1
okccdn.com,1
sport.ro,1
co.ma,1
szfw.org,1
reastatic.net,1
kck.st,1
leafads.net,1
betshop.gr,1
interactiveone.com,1
interworksmedia.co.kr,1
nguoiduatin.vn,1
org.tw,1
omkt.co,1
open2ch.net,1
directupload.net,1
oadz.com,1
fevecasa.com,1
rmncdn.com,1
clix.ir,1
t.st,1
cltpstatic.com,1
g-apart.com,1
shbdn.com,1
s1sf.com,1
thunderclap.it,1
mbstatic.org,1
mism2.com,1
ftv-publicite.fr,1
dafity.com.br,1
ig1-cdn.com,1
aliyuncs.com,1
whatdropsnow.com,1
quotidiano.net,1
entrust.net,1
maisvendas.com.br,1
decoist.com,1
stockweather.co.jp,1
crew.co,1
conusmedia.com,1
topky.sk,1
brightcove.co.jp,1
jakou.com,1
rcmg.in,1
internetvideoarchive.com,1
abcsrv1.com,1
ssajax.cn,1
torpiddurkeeopthalmic.info,1
sharedcount.com,1
dafun.com.cn,1
solarois.com,1
videochatmodule.com,1
adro.co,1
vgcontent.info,1
xinhuanet.com,1
elevaate.technology,1
ekstat.com,1
sexypartners.net,1
edigital.hu,1
life.hu,1
cnnindonesia.com,1
tokywoky.com,1
hotwords.com,1
gtsstatic.com,1
i12.de,1
servicenow.com,1
w3cschool.cc,1
emarbox.com,1
readspeaker.com,1
bet365affiliates.com,1
auto.cz,1
somewrite.jp,1
s81c.com,1
rutv.ru,1
xdn.vn,1
logic-immo.com,1
coreg-feed.com,1
cashtrafic.info,1
nct.vn,1
play-asia.com,1
data-slimspots.com,1
udimg.com,1
himajinlp.net,1
poliris.com,1
ydstatic.com,1
mlt01.com,1
mhcdn.net,1
omegawatches.com,1
vkpass.com,1
elicitapp.com,1
ad-plus.cn,1
blocket.com,1
autoimg.cn,1
infocoches.com,1
adlook.net,1
minus.com,1
epochtimes.com,1
auroravid.to,1
leadformix.com,1
d09.no,1
qrserver.com,1
filejo.com,1
uniqodo.com,1
ipinfo.io,1
topad.mobi,1
the300.kr,1
liepin.com,1
betazeta.com,1
launchpaddigitalmedia.com,1
e3.pe,1
51auto.com,1
tl813.com,1
142.174:9001,1
mzapi.com,1
sankei-digital.co.jp,1
hautelook.com,1
o0bg.com,1
ekomi.de,1
leovegas.com,1
cqgseb.cn,1
spiceworks.com,1
Booking,1
psmardr.com,1
imageshack.com,1
drewgreenwell.com,1
mtvnimages.com,1
bplaced.net,1
252.70:8777,1
aweber.com,1
webfetti.com,1
f-picture.net,1
edigitalresearch.com,1
eagleget.com,1
dnspod.cn,1
msmediacom.com,1
istockimg.com,1
oddsring.com,1
slevydnes.cz,1
213.191,1
ptcdn.info,1
surveycenter.com,1
biblemenus.com,1
cformanalytics.com,1
m-bazaar.in,1
adis.ws,1
adnow.com,1
dpfile.com,1
advconversion.com,1
adgeek.com.tw,1
4sex4.com,1
hdslb.com,1
dixons.com,1
brit.co,1
nocms.co,1
mifile.cn,1
publishflow.com,1
nhadatso.com,1
newscred.com,1
williamhill.com,1
org.ua,1
mediad2.jp,1
akhbar-e-jehan.com,1
standard.co.uk,1
ngaynay.vn,1
multiview.com,1
whistleout.com,1
piano-media.com,1
shopstyle.com,1
pbimgs.com,1
static-src.com,1
kidsklik.com,1
ipstatic.net,1
morevisits.info,1
polar.me,1
sport24.gr,1
weiphone.com,1
womantop.ru,1
sspinc.io,1
albawabaradio.com,1
xservx.com,1
vtrcdn.com,1
ff0000-cdn.net,1
adrcntr.com,1
cpssts.com,1
coolswiss.com,1
snssdk.com,1
im9.cz,1
adsiduous.com,1
elitestatic.com,1
cedsdigital.it,1
dc121677.com,1
cartrawler.com,1
sears.com,1
adsdk.com,1
dga.jp,1
forumfree.net,1
cmestatic.com,1
togetherjs.com,1
themediamove.com,1
adwebster.com,1
webmoney.ru,1
leju.com,1
wolframcdn.com,1
geocomply.net,1
iljmp.com,1
audiencemedia.com,1
cmdolb.com,1
eximg.jp,1
u5e.com,1
micropcdn.com,1
stgbssint.com,1
htspor.com,1
darangi.ru,1
sbito.it,1
lavanguardia.com,1
edgekey.net,1
mediafort.ru,1
cubo.ru,1
dyino.com,1
seesaa.jp,1
viadeo.com,1
itmedia.jp,1
kantarworldpanel.fr,1
rarenok.biz,1
satismeter.com,1
yotpo.com,1
13.202,1
ezoic.net,1
icebn.com,1
digipix.com.br,1
rakuten.fr,1
f1g.fr,1
dtvce.com,1
dogannet.tv,1
onscroll.com,1
directcrm.ru,1
net.in,1
ilknokta.com,1
okjoys.com,1
qksrv.net,1
popsugar-assets.com,1
where.com,1
ng.ru,1
nypost.com,1
as.com,1
ibnlive.com,1
appelsiini.net,1
schibsted.no,1
photoccino.com,1
micstatic.com,1
shard.jp,1
agilecontents.com,1
63.182,1
ec-optimizer.com,1
adc-serv.net,1
pressflex.com,1
getimpression.com,1
waterfrontmedia.com,1
smart-click.net,1
yoox.it,1
imadrep.co.kr,1
hudong.com,1
vip.com,1
trafficncash.com,1
adresult.jp,1
affili.net,1
teinon.net,1
cnstrc.com,1
ullapopken.de,1
shopconvert.com.br,1
arcanumclub.ru,1
57.207,1
99acres.com,1
huitu.com,1
57.202,1
goodvouchers.in,1
citrix.com,1
ad87server.com,1
i2m3g.in,1
208.210:8080,1
arklm.com,1
silvercdn.com,1
audience.network,1
twenga.com,1
gizbot.com,1
twenga.fr,1
ideamelt.com,1
tonejs.org,1
amuniversal.com,1
memecenter.com,1
nextcar.cn,1
lankasritools.com,1
cri.cn,1
msk.ru,1
lp.vg,1
whitepaperdb.de,1
azioncdn.net,1
boston.com,1
ceoconnect.in,1
dreamboxcart.com,1
indeed.com,1
wlsport.com:1071,1
chatovod.ru,1
6cloud.fr,1
fl-ads.com,1
3bmeteo.com,1
despegar.com,1
ad-sys.com,1
taylorandfrancis.com,1
bannerbridge.net,1
timesinternet.in,1
cloudtime.to,1
abicko.cz,1
hani.co.kr,1
36.15,1
buddysviewbbq.com,1
imedao.com,1
mcafeesecure.com,1
gutscheinsammler.de,1
maker.tv,1
4.250:1337,1
elitegol.com,1
chinavivaki.com,1
mosalas.ir,1
mail-serve.in,1
utdstc.com,1
adsfactor.net,1
adfox.vn,1
tvmuze.eu,1
codepen.io,1
site24x7rum.com,1
parallelbible.com,1
51yes.com,1
3dwwwgame.com,1
deltiokairou.gr,1
lmcdn.fr,1
sbx-cdn.com,1
muji.net,1
leongaming.com,1
baw5tracker.com,1
and.co.uk,1
finam.ru,1
cpnscdn.com,1
xalok.com,1
vivedescuentos.com,1
wallst.com,1
writeanalytics.com,1
kartinko.org,1
piri.id,1
seeflo.com,1
cinemaki.com,1
mcyacg.com,1
taggyad.jp,1
emv3.com,1
emailmeform.com,1
livescore.com,1
emploipartner.com,1
cdnrbs.com.br,1
guardianapps.co.uk,1
cpstatic.ch,1
socket.io,1
snstatic.fi,1
qc.ca,1
9c9media.com,1
myfontastic.com,1
c4tw.net,1
rastasoft.ir,1
edgecastdns.net,1
org.vn,1
rev2pub.com,1
greystripe.com,1
ohmyschool.org,1
bharatmatrimony.com,1
over-blog.com,1
razoradserver.com,1
scaledb.com:44406,1
hautelookcdn.com,1
elperiodico.com,1
mozilla.org,1
adgather.net,1
ctv.ca,1
locopoc.com,1
sc.com,1
clipix.com,1
seat.it,1
91-img.com,1
miniclip.com,1
sarmady.net,1
trafficshop.com,1
finanswatch.dk,1
dosya.host,1
trenitalia.com,1
ibpxl.com,1
dineroenimagen.com,1
etuovi.com,1
mxttrf.com,1
wbstatic.net,1
mfcreative.com,1
wmt.co,1
ventunotech.com,1
pages05.net,1
letv.com,1
klart.se,1
sciverse.com,1
vatphamphongthuy.co,1
ahalogy.com,1
psma01.com,1
arthsalutions.com,1
peerius.com,1
navilytics.com,1
nativefeed.com:8080,1
cdn01.ru,1
achetezfacile.com,1
rnzll.it,1
techadvisor.co.uk,1
pxhst.co,1
miniclipcdn.com,1
pricedekho.com,1
cfwstatic.com,1
20m.es,1
skeettools.com,1
cdn8.cn,1
rgstatic.net,1
mistrzowie.org,1
grt02.com,1
7kimg.cn,1
181.130:8777,1
ad360.vn,1
nipc.jp,1
sourceforge.net,1
ddmcdn.com,1
usonar.jp,1
blueknow.com,1
buyee.jp,1
openxmarket.asia,1
102.134:8777,1
finanzen.net,1
svd-cdn.se,1
simg.jp,1
opecloud.com,1
hrc.onl,1
wissen.de,1
com.bd,1
mobusi.com,1
luna1.co,1
com.bo,1
attraqt.com,1
adswizz.com,1
foreseeresults.com,1
kcdn.kz,1
r-99.com,1
lugiy.ru,1
motokiller.pl,1
lsimg.net,1
oku.net,1
trafficswarm.com,1
cntrafficpro.com,1
free.fr,1
adspeed.net,1
css-bn.com,1
zuus.com,1
parsonline.com,1
walkme.com,1
d-markets.net,1
57.216,1
onetag-sys.com,1
altervista.org,1
cleversite.ru,1
inventmx.com,1
sozai.club,1
yapfiles.ru,1
inspsearchapi.com,1
premiereradio.net,1
trafficmagnates.com,1
bitsontherun.com,1
targetfuel.com,1
movideo.com,1
pianomedia.eu,1
mdctrail.com,1
ipcdigital.co.uk,1
geocomply.com,1
net.vn,1
sleviste.cz,1
lprs1.fr,1
alostream.com,1
electrocomponents.com,1
adxion.com,1
radio.com,1
bbbprefcenter.com,1
dw.com,1
dwnapps.net,1
timeanddate.com,1
fpmef.com,1
pricespider.com,1
sf14g.com,1
museter.com,1
adweb.co.kr,1
adunity.com,1
adwssc.com,1
islamist-movements.com,1
adintop.com,1
girlsonstickam.com,1
digitalrivercontent.net,1
sindikata.org,1
superstyle.ru,1
polarcheese.com,1
twnmm.com,1
esearchvision.com,1
21usad.com,1
videopress.com,1
xenium.pl,1
98.202:8777,1
61.133,1
61.131,1
61.13,1
webdissector.com,1
61.134,1
bleepstatic.com,1
jdmagicbox.com,1
gametrailers.com,1
advertisation.com,1
mklr.pl,1
qeryz.com,1
220.15,1
sk-static.com,1
tutorabc.com,1
Cheetahmobile,1
fileham.com,1
nmobs.com,1
imageshack.us,1
fragburn.com,1
nitmus.com,1
aamulehti.fi,1
odnoklassniki.ru,1
deindeal.ch,1
d29gqcij.com,1
superodmor.rs,1
tpvl.co,1
soha.vn,1
smartertravel.net,1
img-space.com,1
omni-cdn.se,1
ix.de,1
1nimo.com,1
static69.com,1
fncstatic.com,1
gov.cn:8080,1
tankr.net,1
awsstatic.com,1
avisooportuno.mx,1
tagstat.com,1
otstatic.com,1
ads855.com,1
dp25.kr,1
filmpro.ru,1
cldup.com,1
jrjimg.cn,1
prscripts.com,1
sophus3.com,1
seaurchin.io,1
paytm.com,1
szalas.hu,1
pixplug.in,1
contiamo.com,1
shzfzz.net,1
fit-predictor.net,1
57.218,1
madream.jp,1
tctm.co,1
sportingnews.com,1
myhard.com,1
shufoo.net,1
pir.fm,1
incru.it,1
medianac.com,1
streamray.com,1
lambdacdn.net,1
lengow.com,1
smartling.com,1
avmws.com,1
wickedreports.com,1
audrte.com,1
4cdn.org,1
mints.ne.jp,1
infobolsa.es,1
rihappy.com.br,1
lswcdn.net,1
dlqm.net,1
forexpros.com,1
rian.ru,1
tvgo.hu,1
saltside.net,1
calameoassets.com,1
ecommercestore.com.br,1
com.ec,1
sogoucdn.com,1
ffcdn.net,1
ma-grande-taille.com,1
smartfocus.com,1
nixcdn.com,1
182.208:8080,1
i1img.com,1
ordergroove.com,1
strattonads.com,1
adtomafusion.com,1
dutrmedi.ru,1
elwatantv.com,1
hulaga.net,1
pg0.cn,1
n245adserv.com,1
dynapis.com,1
seewhy.com,1
mstar.com,1
adrotator.se,1
tadst.com,1
doracdn.com,1
tweakimg.net,1
i-vietnam.vn,1
jlisting.jp,1
php-mailer.net,1
xnimg.cn,1
nonstopshop.rs,1
pro6e.com,1
prisadigital.com,1
adprotected.com,1
belole.ru,1
vatera.hu,1
vashkontrol.ru,1
r7.com,1
nnn.ru,1
188.79:8111,1
alza.cz,1
economicos.cl,1
innityserve.net,1
9fine.ru,1
streamable.com,1
adyoulike.com,1
paperboy.co.jp,1
224.37,1
popsugar.com,1
allyes.com.cn,1
delphi.lv,1
dwstatic.com,1
ilpost.it,1
haohaowan8.com,1
eranico.com,1
ucoxa.work,1
ebten.jp,1
birdbinball.com,1
bollygallery.com,1
adnegah.net,1
pstatp.com,1
srvnet2.com,1
gov.in:100,1
dealguardian.com,1
gp-static.com,1
ecestaticos.com,1
nsimg.net,1
goo.mx,1
10bet.com,1
covoiturage.fr,1
gft2.de,1
sightmaxondemand.com,1
topproducerwebsite.com,1
komixxy.pl,1
ivstaff.com,1
questioncopyright.org,1
ademails.com,1
rs-components.com,1
naughtycdn.com,1
thor-media.ru,1
elance-odesk.com,1
nex8.net,1
euleriancdn.net,1
skim.gs,1
57.204,1
252.93:8777,1
tmgonlinemedia.nl,1
teeet.net,1
esmas.com,1
screen9.com,1
contobox.com,1
mongoosemetrics.com,1
adsrv.co.in,1
tele-cinco.net,1
onionstudios.com,1
sftcdn.net,1
115.110:3000,1
predicta.net,1
mtml.ru,1
curalate.com,1
ibcdn.com,1
eclkmpbn.com,1
formalyzer.com,1
mmtcdn.com,1
226.35,1
linkz.net,1
226.34,1
dlsite.com,1
garudavega.net,1
playstationnetwork.com,1
weather.gr,1
hostrehearsal.com,1
ebsco.com,1
trafficpals.ru,1
g6ni40i7.com,1
agoda.net,1
226.3,1
st8fm.com,1
userdive.com,1
pushengage.com,1
clicksure.com,1
farakav.com,1
twyn.com,1
71.18,1
akadns.net,1
quickbooks.com,1
iask.com,1
org.mt,1
nimg.jp,1
onfocus.io,1
repaynik.com,1
elmercurio.com,1
cackle.me,1
vpie.net,1
factson37.com,1
ftjcfx.com,1
inskinad.com,1
gnmedia.net,1
francetelevisions.fr,1
xvika.com,1
224.26,1
optimove.net,1
imgci.com,1
vk.com:443,1
wanlibo.com,1
11.68,1
idio.co,1
indiatodaygroup.com,1
kotaku.jp,1
ringier.cz,1
srcdn.com,1
justuno.com,1
vertele.com,1
popincdn.com,1
bpcdn.net,1
rating-widget.com,1
innovid.com,1
rightonin.com,1
ek.aero,1
b8cdn.com,1
marketizator.com,1
ownedit.com,1
exactdrive.com,1
rk.com,1
otthonterkep.hu,1
adc-srv.net,1
cctvpic.com,1
dynomove.com,1
hjfile.cn,1
bluetoad.com,1
onetag-sys.net,1
he2d.com,1
mcomm.ca,1
mhfi.com,1
ibnlive.in,1
ftbpro.com,1
sport.cz,1
dealchristma.com,1
freehealthnow.com,1
watchit.gr,1
mamagoto.com,1
oiscripts.com,1
cbsig.net,1
kbb.com,1
0.1:6853,1
privateinternetaccess.com,1
geekdo-images.com,1
golandwin.it,1
serving-system.com,1
blogmeetsbrand.com,1
gingermedia.com,1
picasion.com,1
duga.jp,1
legisland.net,1
berg-6-82.com,1
spylog.ru,1
go.jp,1
millinet.az,1
reussissonsensemble.fr,1
wheelpath.com,1
xn--fc2-yb4b8dta7262d2r1c.com,1
57.208,1
t-mobile.de,1
avx.re,1
kakao.com,1
duoku.com,1
fourcornersalliancegroup.com,1
clasiwow.com,1
aicdn.com,1
econda-monitor.de,1
optasports.com,1
57.209,1
com.ve,1
gov.ar,1
supersaa.fi,1
megabon.eu,1
gfsrv.net,1
prth.gr,1
snapsurveys.com,1
quebuenacompra.com,1
trendemon.com,1
wmobjects.com.br,1
actnx.com,1
zdassets.com,1
zdmimg.com,1
mentad.com,1
gwdang.com,1
thr.com,1
youjizz.com,1
quickimage.it,1
admarketplace.net,1
oboz.ua,1
iacstatic.co.kr,1
kallarai.com,1
econtext.com,1
82.227,1
cricketcb.com,1
jeded.com,1
consostatic.com,1
scriptutils.net,1
bootstrap-live-customizer.com,1
8digits.com,1
dawn.com,1
documentfoundation.org,1
ajkcdn.com,1
rees46.com,1
imgcm.com,1
mas.sv,1
alooma.io,1
dendou.jp,1
cdnds.net,1
vdopia.com,1
aweita.pe,1
com.do,1
efritin.com,1
dfcfw.com,1
133.212,1
133.211,1
moba8.net,1
vice.com,1
expresserv.com,1
57.11,1
sindoads.com,1
animalsprotectiontribune.net,1
kaiseki-website.com,1
remintrex.com,1
adserverjs.com,1
sdlmedia.com,1
redsoftaffiliate.com,1
cross-a.net,1
rbsonline.com.br,1
vko.hu,1
mecash.ru,1
w3counter.com,1
natwest.com,1
affiliate-b.com,1
rnkr-static.com,1
inhumanity.com,1
azet.sk,1
whstatic.com,1
reforma.com,1
marriott.com,1
benczmark.pl,1
vclicks.net,1
kursvalut.com,1
sitetagger.co.uk,1
minimedia.se,1
boostable.com,1
itsup.com,1
pinid.com,1
kelkoo.it,1
bwinpartypartners.com,1
bayan.ir,1
tim.it,1
omniretailgroup.net,1
adlux.com,1
gsmarena.com,1
bigdoor.com,1
adservingfactory.com,1
252.92:8777,1
fscdn.org,1
jacklmoore.com,1
158.78,1
postano.com,1
adconjure.com,1
localist.com,1
worldweatheronline.net,1
iqok.ru,1
marinarinaldi.com,1
authbill.com,1
cgames.de,1
kimg.cn,1
yandex.com,1
gm99.com,1
exposebox.com,1
Roomkey,1
catania.it,1
createsend1.com,1
responsiveads.com,1
cpcdn.com,1
r10.io,1
pbsrc.com,1
images-bn.com,1
guild-hosting.net,1
pixenka.com,1
Zoopla,1
sublimevideo.net,1
aetnd.com,1
toki-aiad.com,1
241.33,1
iatropedia.gr,1
azurecomcdn.net,1
ac.za,1
reflex.cz,1
cadeaux.com,1
waframedia8.com,1
bwbx.io,1
dnevnik.hr,1
picadmedia.com,1
digitaltoday.in,1
fangxinbao.com,1
fnac-static.com,1
playstation.com,1
iqiyi.com,1
thanksearch.com,1
vitrines.in,1
tqlkg.com,1
dmm.com,1
ntalker.com,1
voglor.com,1
newmedia.az,1
liveclicker.net,1
http-s.ws,1
hdporn4.me,1
mozilla.net,1
bam-x.com,1
fbstatic.com,1
sistematec.mx,1
oyunmoyun.com,1
mein-datacenter.de,1
ctags.net,1
135.79,1
57.21,1
yandexadexchange.net,1
mysafeurl.com,1
nbcsports.com,1
otaserve.net,1
adsp.com,1
careerindia.com,1
indir.com,1
adserverpub.com,1
browsealoud.com,1
webcontinental.com.br,1
canalclima.com,1
ajz.am,1
adinte.jp,1
getjoys.net,1
zerozo.work,1
nativeplanet.com,1
poliris.net,1
gamestorrents.com,1
theloop.ca,1
ziffprod.net,1
hegek7.com,1
dhresource.com,1
spilcloud.com,1
226.17,1
226.1,1
invoca.solutions,1
artistchai.co.kr,1
indianimprints.com,1
hswstatic.com,1
dcdn.lt,1
ltl.click,1
etusolution.com,1
hibasport.com,1
buyservices.com,1
tenderapp.com,1
atraccion360.com,1
vphosted.com,1
doorbell.io,1
tnetnoc.com,1
libe.com,1
kh1.co,1
f-cdn.com,1
scdn.co,1
cifraclub.com.br,1
maritz.com,1
interclick.com,1
almamedia.fi,1
fluidsurveys.com,1
ichi-matsu.net,1
crunchyroll.com,1
n85adshostnet.com,1
mthcdn.com,1
usersnap.com,1
blackplanet.com,1
radiobue.it,1
smartycenter.com,1
juara.net,1
ladylike.gr,1
alawar.ru,1
tns-gallup.dk,1
whisbi.com,1
acquaserver.com,1
psdops.com,1
baochinhphu.vn,1
rakuichi-rakuza.jp,1
soufun.com,1
mcf.li,1
mmaaxx.com,1
imimg.com,1
blogranking.net,1
mob-vdo.com,1
yesobe.work,1
xad.com,1
yeyou.com,1
herald.ie,1
pangora.com,1
yoox.biz,1
redstagmailer.com,1
hotlog.ru,1
smilevideo.jp,1
bitrix.info,1
coinisrevsharecontent.com,1
conviva.com,1
blogher.com,1
rebelmouse.com,1
prwidgets.com,1
arnatech.ir,1
sports-reference.com,1
www.www,1
magifirst.com,1
admo.tv,1
cstatic-graphics.com,1
preparedsearch.org,1
brazzers.com,1
trust.zone,1
pimg.tw,1
brqvld0p.com,1
adne.tv,1
ard.de,1
doramatv.ru,1
s5o.ru,1
frlssw.me,1
eventful.com,1
moviesdvdr.com,1
nvidia.com,1
wpdigital.net,1
iwstats.com,1
keycdn.com,1
cdn77-ssl.net,1
rbc.ru,1
peruid.pe,1
rcs.it,1
flightcdn.com,1
appuntidigitali.it,1
nationalgeographic.com,1
reimage.com,1
slimg.com,1
jungroup.com,1
projectwonderful.com,1
seedr.com,1
ouestfrance-emploi.com,1
graphinsider.com,1
atukan.com,1
omarsys.com,1
chei.com.cn,1
tippebannere.no,1
rtk.io,1
studentpotrafi.pl,1
parallels.com,1
piri.net,1
poll-maker.com,1
ecn.cl,1
mqcdn.com,1
wunderground.com,1
pokeram.com,1
n24.de,1
prisacom.com,1
0.1:6885,1
idealgasm.com,1
spilcdn.com,1
adbox.hu,1
truned.com,1
0.1:6887,1
90.117,1
trackitfast.net,1
1gr.cz,1
js-bn.com,1
promisejs.org,1
youramigo.com,1
0.1:6883,1
computer-bild.de,1
entekhab.ir,1
vnecdn.net,1
luotianyi.org,1
watchop.xyz,1
hwstatic.com,1
ispot.jp,1
cornerstoneondemand.com,1
mol.im,1
demotywatory.pl,1
enigmaadserver.com,1
estrategiasdeinversion.com,1
traffim.com,1
apserver.net,1
jotfor.ms,1
0.1:6889,1
kn3.net,1
sdna.gr,1
docodoco.jp,1
ironna.jp,1
otracking.com,1
subtorrents.com,1
ctasnet.com,1
force24.co.uk,1
comicdd.com,1
story.ad,1
pform.net,1
bil-sitet.dk,1
arabam.com,1
addoor.net,1
cxo.name,1
easysol.net,1
placelocal.com,1
bokunenjin.com,1
twitter-fanbox.com,1
61.132,1
swagger.mx,1
adtracker.ch,1
eghtesadnews.com,1
echobanners.net,1
sport.es,1
capitalone.com,1
akhbarak.net,1
sinoptik.ua,1
haberturk.com,1
livemint.com,1
hsforms.net,1
src24.ru,1
takeapet.net,1
npr.org,1
365dm.com,1
skyscnr.com,1
intentarget.com,1
mitemin.net,1
z5o.net,1
marketingland.com,1
blogram.jp,1
bulletinmarketing.com,1
moosite.com,1
strands.com,1
ezimg.ch,1
staticpmrk.com,1
bfmtv.com,1
wdfiles.com,1
tennerlist.com,1
diabolocom.com,1
sinaapp.com,1
mcnt.jp,1
ddccdn.com,1
tgju.org,1
pornhub.com,1
stylebistro.com,1
bitautotech.com,1
yomedia.vn,1
washtimes.com,1
providesupport.com,1
226.26,1
123.193:8080,1
226.28,1
226.29,1
rovicorp.com,1
zdn.vn,1
hoathuyetbomau.vn,1
trioninteractive.com,1
simplytechnology.net,1
imgbb.ru,1
tamilmatrimony.com,1
dainikbhaskar.com,1
lnfs.es,1
medianetadvertising.com,1
bbcomcdn.com,1
bpsecure.com,1
gorila.hr,1
ksd-i.com,1
com.gt,1
occhidellaguerra.it,1
ljcdn.com,1
blz.io,1
lifeselector.com,1
xn--t0haaaaaaaaaaaaaaaaaaaaaaaaaa.xn--t0haaaaaaaaaaaaaaaaaaaaaaaaaa,1
tv.nu,1
ramp.com,1
royalbank.com,1
base.de,1
garena.ph,1
expertrec.com,1
aol.co.uk,1
qianlong.com,1
adspsp.com:5050,1
gouv.fr,1
btelligent.net,1
gc-img.net,1
142.152,1
mdn2015x2.com,1
proxad.net,1
rafomedia.com,1
com.gh,1
adspynet.com,1
gzhls.at,1
reembedit.com,1
magtheweekly.com,1
ted.com,1
900.tw,1
226.89,1
animeultima.io,1
cncenter.cz,1
invoca.net,1
dwcdn.net,1
gitter.im,1
go2speed.org,1
fuckvidsxxx.com,1
opm.gov,1
cat898.com,1
thinglink.me,1
weiphone.net,1
brsimg.com,1
ngeo.com,1
pickupcloud.com,1
tmon.kr,1
casa.it,1
voyagespirates.fr,1
internetbrands.com,1
dyncdn.me,1
nationalgeographic.jp,1
contentspread.net,1
98.242,1
adnetant.net,1
bayanbox.ir,1
yamli.com,1
smutty.com,1
imagebam.com,1
pmdstatic.net,1
197.132:8000,1
facdn.net,1
proquest.com,1
kinomego.net,1
57.141,1
1tmg.info,1
libero.pe,1
keywordsconnect.com,1
thatsping.com,1
zassets.com,1
1997c.com,1
easypolls.net,1
ritsads.com,1
wgrane.pl,1
citibank.com,1
printfriendly.com,1
57.145,1
57.144,1
its-kd.com,1
loginradius.com,1
57.147,1
pictos.cc,1
moviefap.com,1
virgin-atlantic.com,1
iid.jp,1
licaike.com,1
rferl.org,1
trkd-asia.com,1
ulu.so,1
app-adforce.jp,1
bancomer.com,1
jimcdn.com,1
ctctcdn.com,1
ammadv.it,1
trklnks.com,1
ingatlan.com,1
aubdas.com,1
sbnation.com,1
xhamster.com,1
alwaysupport.com,1
analyzeo.com,1
atedra.com,1
carambo.la,1
tenso.com,1
kickfactory.com,1
ac.jp,1
flac2flac.xyz,1
pearsonmylabandmastering.com,1
readjournal.com,1
broadstant.com,1
elastera.net,1
ecqun.com,1
greatmailsmtp.com,1
rdcpix.com,1
trrsf.com.br,1
ntdimg.com,1
gmyze.com,1
nativefeed.com,1
nanorep.com,1
ucoz.ru,1
57.39,1
desiproject.com,1
fonticons.com,1
member-hsbc-group.com,1
rotoworld.com,1
wlbann.com,1
nifty.com,1
icnetwork.co.uk,1
linksmart.com,1
yieldselect.com,1
ink2u.co.uk,1
chiltepin.net,1
ziffdavisinternet.com,1
adkreator.com,1
ddimg.cn,1
tvfanatic.com,1
ru451.org,1
pptv.com,1
ashleymadison.com,1
tagesschau.de,1
165.63,1
paddypower.com,1
wt-sa.net,1
lentainform.com,1
media-imdb.com,1
women24.com,1
kontextua.com,1
mediaset.es,1
99static.com,1
answerdash.com,1
hd-cdn.it,1
3janecdn.com,1
71.am,1
bizspring.net,1
bonadza.com,1
w-x.co,1
xda-cdn.com,1
impressiondesk.com,1
chdi.com.cn,1
billboard.com,1
efukt.com,1
clip.rs,1
tutuapp.com,1
median.hu,1
engagio.com,1
ivocaloid.com,1
native.ai,1
msocdn.com,1
f1widget.com,1
omwpx.com,1
fenixm.com,1
wpfuel.co.uk,1
bilanz.de,1
28.23,1
nflxext.com,1
pps.tv,1
yottaa.net,1
contra.gr,1
exp.mx,1
autogoda.ru,1
iterable.com,1
myskyads.com,1
weapp.com,1
mmo-champion.com,1
emjcd.com,1
imgs.cc,1
netsonic.tv,1
zagolovki.ru,1
scout24.ch,1
5kplayer.com,1
adnemo.com,1
antenna.is,1
adgear.com,1
lst.fm,1
enfamamaclass.com.tw,1
aliyuncdn.com,1
up-00.com,1
s3c.es,1
srvjar.com,1
tuba.pl,1
intermarkets.net,1
spadsmedia.com,1
internalinspector.com,1
steamusercontent.com,1
livehouse.in,1
m-rr.com,1
mlcdn.com.br,1
betradar.com,1
cheaptickets.com,1
71dm.com,1
myregistry.com,1
zndsk.com,1
226.33,1
226.32,1
226.31,1
zinio.com,1
p24.hu,1
videocore.tv,1
shblog.jp,1
telekom.com,1
xd-cdn.com,1
feedmeter.net,1
halooglasi.com,1
netvibes.com,1
ritorno.ru,1
kantar.com,1
adgorithms.com,1
wfrcdn.com,1
francetelecom.com,1
multioptik.com,1
cthouse.com.tw,1
nmgcdn.com,1
99.67:8777,1
infosel.com,1
fastcontentdelivery.com,1
tfd.com,1
affino.com,1
mindstore.io,1
sberbank.ru,1
db.com,1
pixanalytics.com,1
soccerway.com,1
booming-affiliate.de,1
worldcdn.net,1
gotomeeting.com,1
turboroller.ru,1
searchthinks.com,1
amxdt.com,1
fwcdn.pl,1
qass.jp,1
7acg.com,1
rackhosting.com,1
musesradioplayer.com,1
back2china.com,1
emanuele-melchionda.de,1
sify.com,1
smarterhq.io,1
sphereup.com,1
z-dn.net,1
piter.tv,1
adworx.at,1
cyberone.com.tw,1
pulsonline.rs,1
investkit.com,1
amazonwebapps.com,1
curiosite.es,1
jpegshare.net,1
mtvnservices.com,1
lduhtrp.net,1
dabi.ir,1
qdmm.com,1
ubi.com,1
gistlangserver.in,1
virtualaz.org,1
interia.pl,1
answcdn.com,1
adbutler-photon.com,1
wuzzuf.net,1
jpvoutube.com,1
nanosemantics.ru,1
statf.com,1
greatviews.de,1
erinn.biz,1
afterview.ru,1
sessionm.com,1
wallapop.com,1
accelatech.com,1
tokyocrysis.com,1
miniclippt.com,1
fareportal.com,1
com.kw,1
warp.ly,1
centrum.cz,1
qiyi.com,1
clickdimensions.com,1
takhfifan.com,1
vodafone.de,1
com.py,1
roomclip.jp,1
els-cdn.com,1
citiservi.es,1
co.ve,1
porcentual.es,1
37signals.com,1
sankei.co.jp,1
percycle.com,1
consumedmedia.com,1
websta.me,1
57.211,1
tingyun.com,1
alimama.cn,1
okjeok.hr,1
contentreserve.com,1
cdnetworks.net,1
readserver.net,1
msnbc.com,1
engellilersitesi.com,1
grymco.com,1
ovaciondeportes.com,1
jiaoyou8.com,1
ukr.net,1
comodoosinteriores.com,1
vpimg4.com,1
conservativereview.com,1
isna.ir,1
nekretnine.rs,1
cnzz.net,1
ulximg.com,1
intel.com,1
istrack.com,1
book.com.tw,1
zst.com.br,1
bac-assets.com,1
filgoal.com,1
bcbits.com,1
asiafriendfinder.com,1
xogrp.com,1
paperg.com,1
elpropio.com,1
userwaveclick.com,1
kelkoo.com,1
sistyle.ch,1
aadserving.com,1
xgoo.jp,1
waze.com,1
dbstatic.no,1
radionomy.com,1
javynow.com,1
mo8mwxi1.com,1
tomyvid.com,1
gov.in:90,1
21uscity.com,1
kongcdn.com,1
atomz.com,1
banzaicommerce.it,1
banamau.com,1
mmstat.com:443,1
lostiquetesmasbaratos.com,1
antennash.com,1
linkzmedya.com,1
rw.gs,1
152.208,1
xoedge.com,1
cardekho.com,1
dmcimg.com,1
ping-admin.ru,1
h-images.net,1
next.co.uk,1
ad-back.net,1
zinzimo.info,1
theplatform.com,1
sakura.ne.jp,1
ouicar.fr,1
pplive.com,1
swcs.jp,1
nicoblomaga.jp,1
ismedia.jp,1
culinaryagents.com,1
whicdn.com,1
yaske.cc,1
r9cdn.net,1
starfieldtech.com,1
fptad.com,1
news.co.uk,1
cosmi.io,1
m-pathy.com,1
bootcss.com,1
christianbook.com,1
217.133,1
infotop.jp,1
pixel.watch,1
bobodise.com,1
tportal.hr,1
bnet.com,1
ning.com,1
ss-omtrdc.net,1
mdhcdn.com,1
walibao.com,1
cloudup.com,1
yottos.com,1
stcn.com,1
danawa.com,1
ipleak.net,1
ingenico.com,1
hirutv.lk,1
qmerce.com,1
57.122,1
vitrinesglobo.com.br,1
digitalgov.gov,1
digits.com,1
api.tv,1
bokecc.com,1
dofor.co.kr,1
ftradtrk.com,1
sueldospublicos.com,1
ninthdecimal.com,1
ac.in,1
bigsmtp.net,1
thsi.cn,1
scanv.com,1
mfcdn.net,1
webtronix.org,1
zcache.com,1
protoselidaefimeridon.gr,1
eestatic.com,1
wlsport.com,1
technorati.com,1
topface.com,1
tripadvisor.cn,1
webelapp.com,1
dhgiris.com,1
westatic.com,1
mnmstatic.net,1
ladmedia.fr,1
nuestroclima.com,1
rtmlb.com,1
imkonline.com,1
spot.im,1
insightera.com,1
adprimemedia.net,1
visistat.com,1
rongcloud.cn,1
ofestatic.com,1
lolrotation.ovh,1
bb.com.br,1
foxfdm.com,1
iqfp1.com,1
cornbread.ninja,1
tilllate.com,1
opinionlab.com,1
xhcdn.com,1
formisimo.com,1
netrefer.com,1
toi.de,1
coverstand.com,1
gulflive.com,1
lefux.com,1
bizibly.com,1
gez.io,1
newindianews.com,1
persianstat.com,1
mediaessence.net,1
vptbn.com,1
fsslserv.com,1
papnews.ir,1
himgs.com,1
funkyimg.com,1
ocnk.net,1
xxxxxxxx.jp,1
com.lb,1
tekilaz.com,1
pbs.org,1
spongecell.com,1
emsmobile.de,1
com.np,1
imagine-media.net,1
073img.com,1
homeaway.com,1
investorwords.com,1
skrz.cz,1
aliexpress.com,1
lscdn.net,1
modernaventures.com,1
flyertown.ca,1
elsevier.com,1
dothespace.jp,1
jpapi.com,1
liftdna.com,1
buzzoola.com,1
vilynx.com,1
free-av-douga.com,1
gzn.jp,1
storetail.io,1
indavideo.hu,1
oup.com,1
displayadvonline.com,1
storetail.net,1
adultfriendfinder.com,1
centercontenta.ru,1
econoday.com,1
mus.br,1
comcast.com,1
support4sites.net,1
206ads.com,1
excite.co.jp,1
duba.com,1
postimage.org,1
238.128,1
whoisvisiting.com,1
naukimg.com,1
226.64,1
reklm.com,1
generaltracking.de,1
denik.cz,1
smayli.ru,1
ol-img.com,1
clevertap.com,1
tx.us,1
netlyzer.com,1
webpartners.co,1
bet-at-home.com,1
gcimg.net,1
cdn-videodesk.com,1
ahaonline.cz,1
mdpcdn.com,1
evolvemediacorp.com,1
thumbr.io,1
appcues.com,1
myntassets.com,1
tccdn.com,1
kuikr.com:8080,1
rue-montgallet.com,1
detik.com,1
empathybroker.com,1
adultforce.com,1
dashif.org,1
fia-net.com,1
farox.com,1
junph.cn,1
ah-me.com,1
tvgcdn.net,1
orbyt.es,1
brainly.com,1
speedshiftmedia.com,1
imgcdc.com,1
blogspot.gr,1
pxlad.io,1
news18.com,1
truehits.net,1
minijuegosgratis.com,1
inside-graph.com,1
tbliab.net,1
ypcdn.com,1
payza.com,1
economyinsight.co.kr,1
ftcs.es,1
91-cdn.com,1
uramov.info,1
rembi.lv,1
boldsky.com,1
132.166,1
defensacentral.com,1
movmag.com,1
weblogssl.com,1
velaro.com,1
cbox.ws,1
milliyetemlak.com,1
mymypic.net,1
fb.me,1
connextra.com,1
growingio.com,1
mediawhite.com,1
sanoma.fi,1
mensjournal.com,1
jsupdate.pw,1
move.com,1
biz.id,1
ondu.ru,1
bindvision.com,1
181.140:8777,1
uvnimg.com,1
garuyo.com,1
smartbn.ru,1
qcade.net,1
webads.nl,1
gmanews.tv,1
fap.to,1
scardian.com,1
ehowcdn.com,1
ads4pubs.com,1
maxmurai.com,1
punto-informatico.it,1
o333o.com,1
cas.sk,1
pushline.com,1
wsj.net,1
clubdelectores.cl,1
buy.com,1
197.101,1
khmer-press.com,1
icbdr.com,1
shareasimage.com,1
cinemaqualidade.com,1
Flksu,1
user-api.com,1
ligatus.de,1
menshealth.com,1
secretmedia.com,1
mediatrends.es,1
srax.com,1
57.15,1
bevyup.com,1
atatus.com,1
yceml.net,1
chinhphu.vn,1
vepxl1.net,1
staticwebdom.com,1
walmart.com,1
ftcdn.net,1
mo-hawaii.com,1
couponwale.co,1
miisolutions.net,1
commindo-media-ressourcen.de,1
billiger.de,1
filterc80.com,1
cdscdn.com,1
vcdn.biz,1
tvdeportes.es,1
zrks.cz,1
bango.net,1
audiencedata.net,1
gsimedia.net,1
j-town.net,1
google.sn,1
xfinity.com,1
wikio.it,1
youm7.com,1
mshcdn.com,1
mehrnews.com,1
57.206,1
limelight.com,1
otoraba.com,1
57.203,1
tietuku.com,1
elpopular.pe,1
scopus.com,1
fcontrol.com.br,1
tstatic.net,1
kuikr.com,1
cxmx.com.cn,1
refocus.ru,1
n210adserv.com,1
zappit.gr,1
ancdn.com,1
gnst.jp,1
deployads.com,1
goodreturns.in,1
novamov.com,1
click.in,1
o2.de,1
af-110.com,1
zinutay.com,1
getsidecar.com,1
vamartin.work,1
drivespark.com,1
a4w.ro,1
ziffprod.com,1
bravoporn.com,1
rodale.com,1
keyade.com,1
owldata.com,1
trafficmonsoon.com,1
houyhnhnm.jp,1
adpublik.com,1
adforce.ru,1
tiquetesbaratos.com,1
dnsdetect.net,1
craphound.com,1
google.gr,1
betmedia.es,1
zmtcdn.com,1
moreusers.info,1
wapa.pe,1
dreamstime.com,1
venturead.com,1
infer.com,1
mediarotate.com,1
mujerhoy.com,1
ca.com,1
hardcoreteengirls.com,1
sele.co,1
224.5,1
cpaevent.ru,1
annuncicdn.it,1
khabarsport.com,1
pcmag.com,1
mindlytix.com,1
adbutter.net,1
s4-histats.com,1
nymag.com,1
adspsp.com,1
getfreebacklinks.com,1
leadforensics.com,1
retrevo.com,1
gmkt.kr,1
searchonly.online,1
staticlp.com,1
melodijolola.com,1
geekdo-static.com,1
s3ae.com,1
cloob.com,1
mixi.jp,1
com.mm,1
9cache.com,1
entertv.gr,1
macromill.com,1
trustsign.com.br,1
vinted.fr,1
moving.com.br,1
tonaton-st.com,1
alo.rs,1
aetn.com,1
nscontext.com,1
conversionblocks.com,1
tda.io,1
flipboard.com,1
fotocasa.es,1
smart-dmp.com,1
recipe-blog.jp,1
qhupdate.com,1
mywebsearch.com,1
sopili.net,1
braintreegateway.com,1
hnol.net,1
netbina.net,1
hotwords.com.br,1
gentags.net,1
videodesk.com,1
57.17,1
svoy.ru,1
kym-cdn.com,1
eortologio.net,1
smayly.ru,1
fwdcdn.com,1
tvgate.tv,1
tmon.co.kr,1
gloria.hr,1
clickfunnels.com,1
metaffiliation.com,1
ckcdn.com,1
copperegg.com,1
outbound.io,1
cinesport.com,1
odcdn.com,1
adserver01.de,1
ispot.tv,1
getapp.com,1
epoq.de,1
hdslb.net,1
sfr.net,1
lankasritechnology.com,1
liveleak.com,1
bfun.cn,1
carroya.com,1
pdim.gs,1
bbref.com,1
gotraffic.net,1
tumra.com,1
blogs.es,1
0.1:6884,1
0.1:6886,1
0.1:6881,1
0.1:6880,1
getdigital.de,1
0.1:6882,1
mediamond.it,1
tzetze.it,1
0.1:6888,1
noelshack.com,1
datatables.net,1
npario-inc.net,1
media-fire.org,1
similarcdn.com,1
provider-souce.com,1
woopic.com,1
tianqi.com,1
babiesrus.com,1
silktide.com,1
madsone.com,1
in-appadvertising.com,1
tagtoo.co,1
Sumo Logic,1
office.com,1
callmd5map.com,1
modo3.com,1
ui-portal.com,1
moteris.lt,1
57.143,1
57.142,1
xuehai.cn,1
57.146,1
57.149,1
57.148,1
onestat.com,1
netacuity.com,1
webturn.ru,1
solomidcdn.com,1
mousestats.com,1
bol.com.br,1
hubimg.com,1
3rbz.com,1
adkova.com,1
graphflow.com,1
redtubefiles.com,1
datosmacro.com,1
toplist.eu,1
adru.net,1
cdnforo.com,1
octopuspop.com,1
iconfinder.com,1
dtcn.com,1
ibm.com,1
lapresse.it,1
voxus.tv,1
kidsafeseal.com,1
td-imgs.com,1
mediapeo2.com,1
bm23.com,1
twittercounter.com,1
airpush.com,1
algovid.tv,1
affilizr.com,1
blueserving.com,1
57.215,1
57.214,1
57.217,1
wnyc.org,1
cloudwp.io,1
57.213,1
57.212,1
fcforum.net,1
57.219,1
qiyipic.com,1
vimg.net,1
fscache.com,1
yallakora.com,1
intuit.com,1
oneall.com,1
ria.ru,1
hosting24.com,1
timeapi.org,1
yjc.ir,1
216.56,1
silveregg.net,1
ciblelink.com,1
lmitassets.com,1
magnet.ir,1
com.ly,1
m6web.fr,1
mundodeportivo.com,1
iggcdn.com,1
os-cdn.com,1
faundop.com,1
url-to-my-wonderful-close-icon.url-to-my-wonderful-close-icon,1
scrolltotop.com,1
ofistatic.com,1
trackeame.com,1
nflximg.net,1
flowplayer.org,1
tnastatic.com,1
themelab.com,1
biblecc.com,1
181.132:8777,1
rbsdirect.com.br,1
av.st,1
example.com,1
yaplog.jp,1
xcdn.ir,1
linkoffers.net,1
efritin-st.com,1
wmtransfer.com,1
steampowered.com,1
web-boosting.net,1
garageland.jp,1
ad-balancer.at,1
cityspark.com,1
beatchucknorris.com,1
co.ao,1
algolia.io,1
futureusmedia.com,1
plapre.no,1
dowjoneson.com,1
assoc-amazon.fr,1
hurimg.com,1
mprezchc.com,1
liquidmed.net,1
chinacloudapp.cn:81,1
aeplcdn.com,1
keen.io,1
tremormedia.com,1
lkpsec.com,1
u-wantit.com,1
getmetrical.com,1
lmcdn.ru,1
fuckandcdn.com,1
rightnow.com,1
flywheelsites.com,1
fujitsu-webmart.com,1
splunkcloud.com,1
aufeminin.com,1
tsite.jp,1
stackoverflow.com,1
picdn.net,1
liquifire.com,1
adlb.in,1
adver.com.tw,1
zsrpc.net,1
celebified.com,1
ctvdigital.net,1
junshishu.cn,1
zukul.com,1
fssta.com,1
e7r.com.br,1
mediaquark.com,1
gscdn.nl,1
ping-fast.com,1
rmhpi.com,1
quickbooksonline.com,1
synchronychat.com,1
tg-mr.jp,1
vgtrk.com,1
synomia-autocompletion.com,1
liebao.cn,1
ppjol.com,1
online.fr,1
uobsoe.com,1
ora.tv,1
hittail.com,1
btcmain.com,1
festadeipirati.net,1
daskeksi.at,1
gannett-cdn.com,1
Musical,1
ns1p.net,1
drtst.com,1
grabone.com,1
habrahabr.ru,1
cricbuzz.com,1
empirikanet.com,1
boxever.com,1
gtarcada.com,1
dpcdn.pl,1
1anh.com,1